Variable,Subject,Grade,Year,Jurisdiction,Grouping,Mean,SD,N,Cohen's d,Assessment
Home Language,SAT - ERW,NA,2023,US,Another Language,517.0,110.0,200762.0,-0.11818181818181818,SAT - ERW - US - 2023
Home Language,SAT - ERW,NA,2023,US,English,530.0,110.0,323387.0,0.0,SAT - ERW - US - 2023
Home Language,SAT - ERW,NA,2023,US,English,537.0,110.0,1047520.0,0.0,SAT - ERW - US - 2023
Home Language,SAT - ERW,NA,2023,US,No Response,460.0,110.0,342073.0,-0.6363636363636364,SAT - ERW - US - 2023
Gender,SAT - ERW,NA,2023,US,Another gender,552.0,110.0,10535.0,0.2636363636363636,SAT - ERW - US - 2023
Gender,SAT - ERW,NA,2023,US,Female,523.0,110.0,966726.0,0.0,SAT - ERW - US - 2023
Gender,SAT - ERW,NA,2023,US,Male,517.0,110.0,936481.0,-0.05454545454545454,SAT - ERW - US - 2023
Parent Education,SAT - ERW,NA,2023,US,Associate Degree,513.0,110.0,89393.0,-0.4090909090909091,SAT - ERW - US - 2023
Parent Education,SAT - ERW,NA,2023,US,Bachelor's Degree,558.0,110.0,493158.0,0.0,SAT - ERW - US - 2023
Parent Education,SAT - ERW,NA,2023,US,Graduate Degree,594.0,110.0,408482.0,0.32727272727272727,SAT - ERW - US - 2023
Parent Education,SAT - ERW,NA,2023,US,High School Diploma,492.0,110.0,384502.0,-0.6,SAT - ERW - US - 2023
Parent Education,SAT - ERW,NA,2023,US,No High School Diploma,460.0,110.0,116796.0,-0.8909090909090909,SAT - ERW - US - 2023
Parent Education,SAT - ERW,NA,2023,US,No Response,448.0,110.0,421411.0,-1.0,SAT - ERW - US - 2023
Family Income,SAT - ERW,NA,2023,US,"$75,000 to $99,999",529.0,110.0,337245.0,-0.4636363636363636,SAT - ERW - US - 2023
Family Income,SAT - ERW,NA,2023,US,"$75,000 to $99,999",529.0,110.0,337245.0,-0.7,SAT - ERW - US - 2023
Family Income,SAT - ERW,NA,2023,US,"$50,000 to $74,999",482.0,110.0,227256.0,-0.8909090909090909,SAT - ERW - US - 2023
Family Income,SAT - ERW,NA,2023,US,"> $100,000",580.0,110.0,504985.0,0.0,SAT - ERW - US - 2023
Family Income,SAT - ERW,NA,2023,US,"< $50,000",456.0,110.0,203941.0,-1.1272727272727272,SAT - ERW - US - 2023
Family Income,SAT - ERW,NA,2023,US,"$75,000 to $99,999",503.0,110.0,256127.0,-0.4636363636363636,SAT - ERW - US - 2023
Family Income,SAT - ERW,NA,2023,US,"$75,000 to $99,999",503.0,110.0,256127.0,-0.7,SAT - ERW - US - 2023
Family Income,SAT - ERW,NA,2023,US,No Response,502.0,110.0,384188.0,-0.7090909090909091,SAT - ERW - US - 2023
Race/Ethnicity,SAT - ERW,NA,2023,US,Indigenous/Native,458.0,110.0,15384.0,-0.8363636363636363,SAT - ERW - US - 2023
Race/Ethnicity,SAT - ERW,NA,2023,US,Asian,593.0,110.0,194108.0,0.39090909090909093,SAT - ERW - US - 2023
Race/Ethnicity,SAT - ERW,NA,2023,US,Black,466.0,110.0,225954.0,-0.7636363636363637,SAT - ERW - US - 2023
Race/Ethnicity,SAT - ERW,NA,2023,US,Hispanic,482.0,110.0,462186.0,-0.6181818181818182,SAT - ERW - US - 2023
Race/Ethnicity,SAT - ERW,NA,2023,US,Native Hawaiian/Other Pacific Islander,473.0,110.0,3791.0,-0.7,SAT - ERW - US - 2023
Race/Ethnicity,SAT - ERW,NA,2023,US,No Response,478.0,110.0,190277.0,-0.6545454545454545,SAT - ERW - US - 2023
Race/Ethnicity,SAT - ERW,NA,2023,US,Multiple Races/Ethnicities,556.0,110.0,69410.0,0.05454545454545454,SAT - ERW - US - 2023
Race/Ethnicity,SAT - ERW,NA,2023,US,White,550.0,110.0,752632.0,0.0,SAT - ERW - US - 2023
Home Language,SAT - Math,NA,2023,US,Another Language,534.0,122.0,200762.0,0.040983606557377046,SAT - Math - US - 2023
Home Language,SAT - Math,NA,2023,US,English,529.0,122.0,323387.0,0.0,SAT - Math - US - 2023
Home Language,SAT - Math,NA,2023,US,English,517.0,122.0,1047520.0,0.0,SAT - Math - US - 2023
Home Language,SAT - Math,NA,2023,US,No Response,444.0,122.0,342073.0,-0.6967213114754098,SAT - Math - US - 2023
Gender,SAT - Math,NA,2023,US,Another gender,506.0,122.0,10535.0,0.04918032786885246,SAT - Math - US - 2023
Gender,SAT - Math,NA,2023,US,Female,500.0,122.0,966726.0,0.0,SAT - Math - US - 2023
Gender,SAT - Math,NA,2023,US,Male,515.0,122.0,936481.0,0.12295081967213115,SAT - Math - US - 2023
Parent Education,SAT - Math,NA,2023,US,Associate Degree,491.0,122.0,89393.0,-0.47540983606557374,SAT - Math - US - 2023
Parent Education,SAT - Math,NA,2023,US,Bachelor's Degree,549.0,122.0,493158.0,0.0,SAT - Math - US - 2023
Parent Education,SAT - Math,NA,2023,US,Graduate Degree,588.0,122.0,408482.0,0.319672131147541,SAT - Math - US - 2023
Parent Education,SAT - Math,NA,2023,US,High School Diploma,473.0,122.0,384502.0,-0.6229508196721312,SAT - Math - US - 2023
Parent Education,SAT - Math,NA,2023,US,No High School Diploma,451.0,122.0,116796.0,-0.8032786885245902,SAT - Math - US - 2023
Parent Education,SAT - Math,NA,2023,US,No Response,433.0,122.0,421411.0,-0.9508196721311475,SAT - Math - US - 2023
Family Income,SAT - Math,NA,2023,US,"$75,000 to $99,999",510.0,122.0,337245.0,-0.48360655737704916,SAT - Math - US - 2023
Family Income,SAT - Math,NA,2023,US,"$75,000 to $99,999",510.0,122.0,337245.0,-0.7213114754098361,SAT - Math - US - 2023
Family Income,SAT - Math,NA,2023,US,"$50,000 to $74,999",460.0,122.0,227256.0,-0.8934426229508197,SAT - Math - US - 2023
Family Income,SAT - Math,NA,2023,US,"> $100,000",569.0,122.0,504985.0,0.0,SAT - Math - US - 2023
Family Income,SAT - Math,NA,2023,US,"< $50,000",434.0,122.0,203941.0,-1.1065573770491803,SAT - Math - US - 2023
Family Income,SAT - Math,NA,2023,US,"$75,000 to $99,999",481.0,122.0,256127.0,-0.48360655737704916,SAT - Math - US - 2023
Family Income,SAT - Math,NA,2023,US,"$75,000 to $99,999",481.0,122.0,256127.0,-0.7213114754098361,SAT - Math - US - 2023
Family Income,SAT - Math,NA,2023,US,No Response,510.0,122.0,384188.0,-0.48360655737704916,SAT - Math - US - 2023
Race/Ethnicity,SAT - Math,NA,2023,US,Indigenous/Native,443.0,122.0,15384.0,-0.7295081967213115,SAT - Math - US - 2023
Race/Ethnicity,SAT - Math,NA,2023,US,Asian,626.0,122.0,194108.0,0.7704918032786885,SAT - Math - US - 2023
Race/Ethnicity,SAT - Math,NA,2023,US,Black,441.0,122.0,225954.0,-0.7459016393442623,SAT - Math - US - 2023
Race/Ethnicity,SAT - Math,NA,2023,US,Hispanic,461.0,122.0,462186.0,-0.5819672131147541,SAT - Math - US - 2023
Race/Ethnicity,SAT - Math,NA,2023,US,Native Hawaiian/Other Pacific Islander,452.0,122.0,3791.0,-0.6557377049180327,SAT - Math - US - 2023
Race/Ethnicity,SAT - Math,NA,2023,US,No Response,477.0,122.0,190277.0,-0.45081967213114754,SAT - Math - US - 2023
Race/Ethnicity,SAT - Math,NA,2023,US,Multiple Races/Ethnicities,535.0,122.0,69410.0,0.02459016393442623,SAT - Math - US - 2023
Race/Ethnicity,SAT - Math,NA,2023,US,White,532.0,122.0,752632.0,0.0,SAT - Math - US - 2023
Home Language,SAT - Total,NA,2023,US,Another Language,1052.0,221.0,200762.0,-0.027149321266968326,SAT - Total - US - 2023
Home Language,SAT - Total,NA,2023,US,English,1058.0,221.0,323387.0,0.0,SAT - Total - US - 2023
Home Language,SAT - Total,NA,2023,US,English,1054.0,221.0,1047520.0,0.0,SAT - Total - US - 2023
Home Language,SAT - Total,NA,2023,US,No Response,904.0,221.0,342073.0,-0.6968325791855203,SAT - Total - US - 2023
Gender,SAT - Total,NA,2023,US,Another gender,1058.0,221.0,10535.0,0.1583710407239819,SAT - Total - US - 2023
Gender,SAT - Total,NA,2023,US,Female,1023.0,221.0,966726.0,0.0,SAT - Total - US - 2023
Gender,SAT - Total,NA,2023,US,Male,1032.0,221.0,936481.0,0.04072398190045249,SAT - Total - US - 2023
Parent Education,SAT - Total,NA,2023,US,Associate Degree,1004.0,221.0,89393.0,-0.4660633484162896,SAT - Total - US - 2023
Parent Education,SAT - Total,NA,2023,US,Bachelor's Degree,1107.0,221.0,493158.0,0.0,SAT - Total - US - 2023
Parent Education,SAT - Total,NA,2023,US,Graduate Degree,1181.0,221.0,408482.0,0.334841628959276,SAT - Total - US - 2023
Parent Education,SAT - Total,NA,2023,US,High School Diploma,966.0,221.0,384502.0,-0.6380090497737556,SAT - Total - US - 2023
Parent Education,SAT - Total,NA,2023,US,No High School Diploma,910.0,221.0,116796.0,-0.8914027149321267,SAT - Total - US - 2023
Parent Education,SAT - Total,NA,2023,US,No Response,881.0,221.0,421411.0,-1.0226244343891402,SAT - Total - US - 2023
Family Income,SAT - Total,NA,2023,US,"$75,000 to $99,999",1039.0,221.0,337245.0,-0.49321266968325794,SAT - Total - US - 2023
Family Income,SAT - Total,NA,2023,US,"$75,000 to $99,999",1039.0,221.0,337245.0,-0.7420814479638009,SAT - Total - US - 2023
Family Income,SAT - Total,NA,2023,US,"$50,000 to $74,999",942.0,221.0,227256.0,-0.9321266968325792,SAT - Total - US - 2023
Family Income,SAT - Total,NA,2023,US,"> $100,000",1148.0,221.0,504985.0,0.0,SAT - Total - US - 2023
Family Income,SAT - Total,NA,2023,US,"< $50,000",891.0,221.0,203941.0,-1.16289592760181,SAT - Total - US - 2023
Family Income,SAT - Total,NA,2023,US,"$75,000 to $99,999",984.0,221.0,256127.0,-0.49321266968325794,SAT - Total - US - 2023
Family Income,SAT - Total,NA,2023,US,"$75,000 to $99,999",984.0,221.0,256127.0,-0.7420814479638009,SAT - Total - US - 2023
Family Income,SAT - Total,NA,2023,US,No Response,1012.0,221.0,384188.0,-0.6153846153846154,SAT - Total - US - 2023
Race/Ethnicity,SAT - Total,NA,2023,US,Indigenous/Native,901.0,221.0,15384.0,-0.8190045248868778,SAT - Total - US - 2023
Race/Ethnicity,SAT - Total,NA,2023,US,Asian,1219.0,221.0,194108.0,0.6199095022624435,SAT - Total - US - 2023
Race/Ethnicity,SAT - Total,NA,2023,US,Black,908.0,221.0,225954.0,-0.7873303167420814,SAT - Total - US - 2023
Race/Ethnicity,SAT - Total,NA,2023,US,Hispanic,943.0,221.0,462186.0,-0.6289592760180995,SAT - Total - US - 2023
Race/Ethnicity,SAT - Total,NA,2023,US,Native Hawaiian/Other Pacific Islander,925.0,221.0,3791.0,-0.7104072398190046,SAT - Total - US - 2023
Race/Ethnicity,SAT - Total,NA,2023,US,No Response,955.0,221.0,190277.0,-0.5746606334841629,SAT - Total - US - 2023
Race/Ethnicity,SAT - Total,NA,2023,US,Multiple Races/Ethnicities,1091.0,221.0,69410.0,0.04072398190045249,SAT - Total - US - 2023
Race/Ethnicity,SAT - Total,NA,2023,US,White,1082.0,221.0,752632.0,0.0,SAT - Total - US - 2023
Gender,NAEP - Reading - 12,,2019,US,Male,279.28,43.41,,-0.2991292393122899,NAEP - Reading - 12 - US - 2019
Gender,NAEP - Reading - 12,,2019,US,Female,291.79,40.17,,0.0,NAEP - Reading - 12 - US - 2019
Gender,NAEP - Reading - 4,,2019,US,Male,216.83,39.46,,-0.19390586208949825,NAEP - Reading - 4 - US - 2019
Gender,NAEP - Reading - 4,,2019,US,Female,224.26,37.14,,0.0,NAEP - Reading - 4 - US - 2019
Gender,NAEP - Reading - 8,,2019,US,Male,257.69,38.33,,-0.2985457141240658,NAEP - Reading - 8 - US - 2019
Gender,NAEP - Reading - 8,,2019,US,Female,268.83,36.27,,0.0,NAEP - Reading - 8 - US - 2019
Gender,NAEP - Science - 12,,2019,US,Male,151.45,38.51,,0.10149735937570652,NAEP - Science - 12 - US - 2019
Gender,NAEP - Science - 12,,2019,US,Female,147.67,35.93,,0.0,NAEP - Science - 12 - US - 2019
Gender,NAEP - Science - 4,,2019,US,Male,151.36,37.26,,0.0,NAEP - Science - 4 - US - 2019
Gender,NAEP - Science - 4,,2019,US,Female,151.36,35.21,,0.0,NAEP - Science - 4 - US - 2019
Gender,NAEP - Science - 8,,2019,US,Male,154.22,35.86,,0.02763487731834347,NAEP - Science - 8 - US - 2019
Gender,NAEP - Science - 8,,2019,US,Female,153.26,33.58,,0.0,NAEP - Science - 8 - US - 2019
National School Lunch Program eligibility,NAEP - Reading - 12,,2019,US,Eligible,271.13,40.51,,-0.5690688344279331,NAEP - Reading - 12 - US - 2019
National School Lunch Program eligibility,NAEP - Reading - 12,,2019,US,Not eligible,294.34,41.06,,0.0,NAEP - Reading - 12 - US - 2019
National School Lunch Program eligibility,NAEP - Reading - 12,,2019,US,Information not available,299.38,38.09,,0.12726356320753815,NAEP - Reading - 12 - US - 2019
National School Lunch Program eligibility,NAEP - Reading - 4,,2019,US,Eligible,207.01,37.79,,-0.7741093697517444,NAEP - Reading - 4 - US - 2019
National School Lunch Program eligibility,NAEP - Reading - 4,,2019,US,Not eligible,234.85,34.04,,0.0,NAEP - Reading - 4 - US - 2019
National School Lunch Program eligibility,NAEP - Reading - 4,,2019,US,Information not available,231.84,33.85,,-0.08867250588562485,NAEP - Reading - 4 - US - 2019
National School Lunch Program eligibility,NAEP - Reading - 8,,2019,US,Eligible,249.58,36.76,,-0.7114020676248568,NAEP - Reading - 8 - US - 2019
National School Lunch Program eligibility,NAEP - Reading - 8,,2019,US,Not eligible,274.94,34.5,,0.0,NAEP - Reading - 8 - US - 2019
National School Lunch Program eligibility,NAEP - Reading - 8,,2019,US,Information not available,276.08,33.97,,0.03329825759498206,NAEP - Reading - 8 - US - 2019
National School Lunch Program eligibility,NAEP - Science - 12,,2019,US,Eligible,135.15,35.04,,-0.6932541540403073,NAEP - Science - 12 - US - 2019
National School Lunch Program eligibility,NAEP - Science - 12,,2019,US,Not eligible,159.64,35.61,,0.0,NAEP - Science - 12 - US - 2019
National School Lunch Program eligibility,NAEP - Science - 12,,2019,US,Information not available,156.13,35.37,,-0.09890053355045496,NAEP - Science - 12 - US - 2019
National School Lunch Program eligibility,NAEP - Science - 4,,2019,US,Eligible,137.23,34.99,,-0.8641999781869717,NAEP - Science - 4 - US - 2019
National School Lunch Program eligibility,NAEP - Science - 4,,2019,US,Not eligible,166.09,31.72,,0.0,NAEP - Science - 4 - US - 2019
National School Lunch Program eligibility,NAEP - Science - 4,,2019,US,Information not available,162.91,30.61,,-0.10202136584360384,NAEP - Science - 4 - US - 2019
National School Lunch Program eligibility,NAEP - Science - 8,,2019,US,Eligible,140.33,34.13,,-0.7888519434224556,NAEP - Science - 8 - US - 2019
National School Lunch Program eligibility,NAEP - Science - 8,,2019,US,Not eligible,165.97,30.79,,0.0,NAEP - Science - 8 - US - 2019
National School Lunch Program eligibility,NAEP - Science - 8,,2019,US,Information not available,164.95,29.79,,-0.03366989308046848,NAEP - Science - 8 - US - 2019
Parent Education,NAEP - Reading - 8,,2022,US,No High School Diploma,246.462641,36.357473,,,NAEP - Reading - 8 - US - 2022
Parent Education,NAEP - Reading - 8,,2022,US,Graduate Degree,269.402479,36.367169,,,NAEP - Reading - 8 - US - 2022
Parent Education,NAEP - Reading - 8,,2022,US,High School Diploma,246.316444,35.823315,,,NAEP - Reading - 8 - US - 2022
Parent Education,NAEP - Reading - 8,,2022,US,Associate Degree,259.211452,34.636581,,,NAEP - Reading - 8 - US - 2022
Parent Education,NAEP - Reading - 8,,2022,US,No Response,242.285705,37.693674,,,NAEP - Reading - 8 - US - 2022
Parent Education,NAEP - Science - 12,,2019,US,No High School Diploma,132.48,34.25,,,NAEP - Science - 12 - US - 2019
Parent Education,NAEP - Science - 12,,2019,US,High School Diploma,135.22,35.31,,,NAEP - Science - 12 - US - 2019
Parent Education,NAEP - Science - 12,,2019,US,Associate Degree,147.14,32.95,,,NAEP - Science - 12 - US - 2019
Parent Education,NAEP - Science - 12,,2019,US,Graduate Degree,160.86,35.85,,,NAEP - Science - 12 - US - 2019
Parent Education,NAEP - Science - 12,,2019,US,No Response,119.83,36.02,,,NAEP - Science - 12 - US - 2019
Parent Education,NAEP - Science - 8,,2019,US,No High School Diploma,137.22,33.05,,,NAEP - Science - 8 - US - 2019
Parent Education,NAEP - Science - 8,,2019,US,High School Diploma,140.43,33.63,,,NAEP - Science - 8 - US - 2019
Parent Education,NAEP - Science - 8,,2019,US,Associate Degree,153.91,30.46,,,NAEP - Science - 8 - US - 2019
Parent Education,NAEP - Science - 8,,2019,US,Graduate Degree,163.5,32.27,,,NAEP - Science - 8 - US - 2019
Parent Education,NAEP - Science - 8,,2019,US,No Response,135.19,35.33,,,NAEP - Science - 8 - US - 2019
Race/Ethnicity,NAEP - Reading - 12,,2019,US,White,295.0,40.1,,0.0,NAEP - Reading - 12 - US - 2019
Race/Ethnicity,NAEP - Reading - 12,,2019,US,Black,263.48,40.58,,-0.7813446251445734,NAEP - Reading - 12 - US - 2019
Race/Ethnicity,NAEP - Reading - 12,,2019,US,Hispanic,273.96,40.15,,-0.5243612689393123,NAEP - Reading - 12 - US - 2019
Race/Ethnicity,NAEP - Reading - 12,,2019,US,Asian,299.4,42.59,,0.10637335789074362,NAEP - Reading - 12 - US - 2019
Race/Ethnicity,NAEP - Reading - 12,,2019,US,Indigenous/Native,271.51,40.46,,-0.5831620025405101,NAEP - Reading - 12 - US - 2019
Race/Ethnicity,NAEP - Reading - 12,,2019,US,Native Hawaiian/Other Pacific Islander,277.79,37.68,,-0.44231617457010153,NAEP - Reading - 12 - US - 2019
Race/Ethnicity,NAEP - Reading - 12,,2019,US,Multiple Races/Ethnicities,295.11,41.54,,0.002694338381768701,NAEP - Reading - 12 - US - 2019
Race/Ethnicity,NAEP - Reading - 4,,2019,US,White,230.23,35.25,,0.0,NAEP - Reading - 4 - US - 2019
Race/Ethnicity,NAEP - Reading - 4,,2019,US,Black,203.53,37.44,,-0.7342933152897667,NAEP - Reading - 4 - US - 2019
Race/Ethnicity,NAEP - Reading - 4,,2019,US,Hispanic,208.82,38.07,,-0.5835837902033942,NAEP - Reading - 4 - US - 2019
Race/Ethnicity,NAEP - Reading - 4,,2019,US,Asian,239.21,36.93,,0.24875501827007077,NAEP - Reading - 4 - US - 2019
Race/Ethnicity,NAEP - Reading - 4,,2019,US,Indigenous/Native,204.41,38.62,,-0.6983395957908909,NAEP - Reading - 4 - US - 2019
Race/Ethnicity,NAEP - Reading - 4,,2019,US,Native Hawaiian/Other Pacific Islander,211.68,37.25,,-0.5115295382613338,NAEP - Reading - 4 - US - 2019
Race/Ethnicity,NAEP - Reading - 4,,2019,US,Multiple Races/Ethnicities,225.69,37.45,,-0.12483968847252647,NAEP - Reading - 4 - US - 2019
Race/Ethnicity,NAEP - Reading - 8,,2019,US,White,272.26,34.38,,0.0,NAEP - Reading - 8 - US - 2019
Race/Ethnicity,NAEP - Reading - 8,,2019,US,Black,244.37,36.04,,-0.7918845294409678,NAEP - Reading - 8 - US - 2019
Race/Ethnicity,NAEP - Reading - 8,,2019,US,Hispanic,251.81,37.22,,-0.5707802234195616,NAEP - Reading - 8 - US - 2019
Race/Ethnicity,NAEP - Reading - 8,,2019,US,Asian,283.56,37.11,,0.315897883233635,NAEP - Reading - 8 - US - 2019
Race/Ethnicity,NAEP - Reading - 8,,2019,US,Indigenous/Native,248.0,37.08,,-0.6784971153477433,NAEP - Reading - 8 - US - 2019
Race/Ethnicity,NAEP - Reading - 8,,2019,US,Native Hawaiian/Other Pacific Islander,252.2,39.65,,-0.5405744683634974,NAEP - Reading - 8 - US - 2019
Race/Ethnicity,NAEP - Reading - 8,,2019,US,Multiple Races/Ethnicities,266.99,37.55,,-0.14638925881591647,NAEP - Reading - 8 - US - 2019
Race/Ethnicity,NAEP - Science - 12,,2019,US,White,160.59,33.75,,0.0,NAEP - Science - 12 - US - 2019
Race/Ethnicity,NAEP - Science - 12,,2019,US,Black,125.43,34.26,,-1.0339365227899757,NAEP - Science - 12 - US - 2019
Race/Ethnicity,NAEP - Science - 12,,2019,US,Hispanic,135.74,34.55,,-0.7276221237598192,NAEP - Science - 12 - US - 2019
Race/Ethnicity,NAEP - Science - 12,,2019,US,Asian,165.61,39.62,,0.13640481203707155,NAEP - Science - 12 - US - 2019
Race/Ethnicity,NAEP - Science - 12,,2019,US,Indigenous/Native,141.7,33.45,,-0.5621967787324192,NAEP - Science - 12 - US - 2019
Race/Ethnicity,NAEP - Science - 12,,2019,US,Native Hawaiian/Other Pacific Islander,136.74,36.32,,-0.6802903981038746,NAEP - Science - 12 - US - 2019
Race/Ethnicity,NAEP - Science - 12,,2019,US,Multiple Races/Ethnicities,155.75,35.81,,-0.13909945308573413,NAEP - Science - 12 - US - 2019
Race/Ethnicity,NAEP - Science - 4,,2019,US,White,162.99,31.74,,0.0,NAEP - Science - 4 - US - 2019
Race/Ethnicity,NAEP - Science - 4,,2019,US,Black,129.98,34.48,,-0.9961274067010325,NAEP - Science - 4 - US - 2019
Race/Ethnicity,NAEP - Science - 4,,2019,US,Hispanic,138.5,34.87,,-0.7345145493062224,NAEP - Science - 4 - US - 2019
Race/Ethnicity,NAEP - Science - 4,,2019,US,Asian,168.04,37.21,,0.14602416319759967,NAEP - Science - 4 - US - 2019
Race/Ethnicity,NAEP - Science - 4,,2019,US,Indigenous/Native,141.33,35.27,,-0.6455755457012557,NAEP - Science - 4 - US - 2019
Race/Ethnicity,NAEP - Science - 4,,2019,US,Native Hawaiian/Other Pacific Islander,141.9,37.08,,-0.611066436321802,NAEP - Science - 4 - US - 2019
Race/Ethnicity,NAEP - Science - 4,,2019,US,Multiple Races/Ethnicities,158.8,34.6,,-0.12620173938038423,NAEP - Science - 4 - US - 2019
Race/Ethnicity,NAEP - Science - 8,,2019,US,White,164.79,30.16,,0.0,NAEP - Science - 8 - US - 2019
Race/Ethnicity,NAEP - Science - 8,,2019,US,Black,132.67,33.75,,-1.0035814193409807,NAEP - Science - 8 - US - 2019
Race/Ethnicity,NAEP - Science - 8,,2019,US,Hispanic,140.85,34.07,,-0.7440686569978566,NAEP - Science - 8 - US - 2019
Race/Ethnicity,NAEP - Science - 8,,2019,US,Asian,168.29,33.65,,0.10953696220549324,NAEP - Science - 8 - US - 2019
Race/Ethnicity,NAEP - Science - 8,,2019,US,Indigenous/Native,144.04,31.61,,-0.6716621451260115,NAEP - Science - 8 - US - 2019
Race/Ethnicity,NAEP - Science - 8,,2019,US,Native Hawaiian/Other Pacific Islander,138.55,36.02,,-0.7898982802621778,NAEP - Science - 8 - US - 2019
Race/Ethnicity,NAEP - Science - 8,,2019,US,Multiple Races/Ethnicities,158.71,32.67,,-0.19338386687795023,NAEP - Science - 8 - US - 2019
Receive Title I funding,NAEP - Reading - 12,,2019,US,No,291.4,41.26,,,NAEP - Reading - 12 - US - 2019
Receive Title I funding,NAEP - Reading - 12,,2019,US,"Yes, for students",287.02,42.96,,,NAEP - Reading - 12 - US - 2019
Receive Title I funding,NAEP - Reading - 12,,2019,US,"Yes, for school purp",272.4,41.52,,,NAEP - Reading - 12 - US - 2019
Receive Title I funding,NAEP - Reading - 4,,2022,US,No,234.04,35.64,,,NAEP - Reading - 4 - US - 2022
Receive Title I funding,NAEP - Reading - 4,,2022,US,"Yes, for students",219.51,38.75,,,NAEP - Reading - 4 - US - 2022
Receive Title I funding,NAEP - Reading - 4,,2022,US,"Yes, for school purp",207.77,40.14,,,NAEP - Reading - 4 - US - 2022
Receive Title I funding,NAEP - Reading - 8,,2022,US,No,267.93,36.63,,,NAEP - Reading - 8 - US - 2022
Receive Title I funding,NAEP - Reading - 8,,2022,US,"Yes, for students",261.41,37.59,,,NAEP - Reading - 8 - US - 2022
Receive Title I funding,NAEP - Reading - 8,,2022,US,"Yes, for school purp",251.21,37.46,,,NAEP - Reading - 8 - US - 2022
Receive Title I funding,NAEP - Science - 12,,2019,US,No,156.12,35.69,,,NAEP - Science - 12 - US - 2019
Receive Title I funding,NAEP - Science - 12,,2019,US,"Yes, for students",152.95,37.66,,,NAEP - Science - 12 - US - 2019
Receive Title I funding,NAEP - Science - 12,,2019,US,"Yes, for school purp",134.93,36.06,,,NAEP - Science - 12 - US - 2019
Receive Title I funding,NAEP - Science - 4,,2019,US,No,166.06,32.64,,,NAEP - Science - 4 - US - 2019
Receive Title I funding,NAEP - Science - 4,,2019,US,"Yes, for students",151.71,35.19,,,NAEP - Science - 4 - US - 2019
Receive Title I funding,NAEP - Science - 4,,2019,US,"Yes, for school purp",142.92,35.88,,,NAEP - Science - 4 - US - 2019
Receive Title I funding,NAEP - Science - 8,,2019,US,No,166.06,32.64,,,NAEP - Science - 8 - US - 2019
Receive Title I funding,NAEP - Science - 8,,2019,US,"Yes, for students",151.71,35.19,,,NAEP - Science - 8 - US - 2019
Receive Title I funding,NAEP - Science - 8,,2019,US,"Yes, for school purp",142.92,35.88,,,NAEP - Science - 8 - US - 2019
English Proficiency,NAEP - Reading - 12,,2019,US,Basic/Fair/Competent,234.97,37.23,,-1.3459148901484912,NAEP - Reading - 12 - US - 2019
English Proficiency,NAEP - Reading - 12,,2019,US,Advanced/Functionally Native/Native,287.74,41.09,,0.0,NAEP - Reading - 12 - US - 2019
English Proficiency,NAEP - Reading - 4,,2022,US,Basic/Fair/Competent,190.09,37.82,,-0.8206747010115958,NAEP - Reading - 4 - US - 2022
English Proficiency,NAEP - Reading - 4,,2022,US,Advanced/Functionally Native/Native,221.62,39.01,,0.0,NAEP - Reading - 4 - US - 2022
English Proficiency,NAEP - Reading - 8,,2022,US,Basic/Fair/Competent,225.31,34.66,,-1.084110730584478,NAEP - Reading - 8 - US - 2022
English Proficiency,NAEP - Reading - 8,,2022,US,Advanced/Functionally Native/Native,263.84,36.4,,0.0,NAEP - Reading - 8 - US - 2022
English Proficiency,NAEP - Science - 12,,2019,US,Basic/Fair/Competent,98.98,32.36,,-1.5514836715070937,NAEP - Science - 12 - US - 2019
English Proficiency,NAEP - Science - 12,,2019,US,Advanced/Functionally Native/Native,151.93,35.81,,0.0,NAEP - Science - 12 - US - 2019
English Proficiency,NAEP - Science - 4,,2019,US,Basic/Fair/Competent,234.97,37.23,,-1.3459148901484912,NAEP - Science - 4 - US - 2019
English Proficiency,NAEP - Science - 4,,2019,US,Advanced/Functionally Native/Native,287.74,41.09,,0.0,NAEP - Science - 4 - US - 2019
English Proficiency,NAEP - Science - 8,,2019,US,Basic/Fair/Competent,121.52,34.7,,-0.9777629461562005,NAEP - Science - 8 - US - 2019
English Proficiency,NAEP - Science - 8,,2019,US,Advanced/Functionally Native/Native,155.38,34.56,,0.0,NAEP - Science - 8 - US - 2019
UTOL4 – School location,NAEP - Reading - 12,,2019,US,City,283.89,43.19,,,NAEP - Reading - 12 - US - 2019
UTOL4 – School location,NAEP - Reading - 12,,2019,US,Suburb,287.96,42.67,,,NAEP - Reading - 12 - US - 2019
UTOL4 – School location,NAEP - Reading - 12,,2019,US,Town,282.38,41.35,,,NAEP - Reading - 12 - US - 2019
UTOL4 – School location,NAEP - Reading - 12,,2019,US,Rural,284.51,40.4,,,NAEP - Reading - 12 - US - 2019
UTOL4 – School location,NAEP - Reading - 4,,2022,US,City,213.11,42.12,,,NAEP - Reading - 4 - US - 2022
UTOL4 – School location,NAEP - Reading - 4,,2022,US,Suburb,221.96,39.52,,,NAEP - Reading - 4 - US - 2022
UTOL4 – School location,NAEP - Reading - 4,,2022,US,Town,211.69,39.49,,,NAEP - Reading - 4 - US - 2022
UTOL4 – School location,NAEP - Reading - 4,,2022,US,Rural,218.35,38.16,,,NAEP - Reading - 4 - US - 2022
UTOL4 – School location,NAEP - Reading - 8,,2022,US,City,257.48,39.07,,,NAEP - Reading - 8 - US - 2022
UTOL4 – School location,NAEP - Reading - 8,,2022,US,Suburb,264.3,37.7,,,NAEP - Reading - 8 - US - 2022
UTOL4 – School location,NAEP - Reading - 8,,2022,US,Town,256.13,36.6,,,NAEP - Reading - 8 - US - 2022
UTOL4 – School location,NAEP - Reading - 8,,2022,US,Rural,259.81,36.33,,,NAEP - Reading - 8 - US - 2022
UTOL4 – School location,NAEP - Science - 12,,2019,US,City,147.3,37.0,,,NAEP - Science - 12 - US - 2019
UTOL4 – School location,NAEP - Science - 12,,2019,US,Suburb,157.78,34.16,,,NAEP - Science - 12 - US - 2019
UTOL4 – School location,NAEP - Science - 12,,2019,US,Town,152.99,32.94,,,NAEP - Science - 12 - US - 2019
UTOL4 – School location,NAEP - Science - 12,,2019,US,Rural,155.9,31.71,,,NAEP - Science - 12 - US - 2019
UTOL4 – School location,NAEP - Science - 4,,2019,US,City,144.31,37.61,,,NAEP - Science - 4 - US - 2019
UTOL4 – School location,NAEP - Science - 4,,2019,US,Suburb,155.48,35.99,,,NAEP - Science - 4 - US - 2019
UTOL4 – School location,NAEP - Science - 4,,2019,US,Town,150.62,34.45,,,NAEP - Science - 4 - US - 2019
UTOL4 – School location,NAEP - Science - 4,,2019,US,Rural,154.26,33.82,,,NAEP - Science - 4 - US - 2019
UTOL4 – School location,NAEP - Science - 8,,2019,US,City,144.31,37.61,,,NAEP - Science - 8 - US - 2019
UTOL4 – School location,NAEP - Science - 8,,2019,US,Suburb,155.48,35.99,,,NAEP - Science - 8 - US - 2019
UTOL4 – School location,NAEP - Science - 8,,2019,US,Town,150.62,34.45,,,NAEP - Science - 8 - US - 2019
UTOL4 – School location,NAEP - Science - 8,,2019,US,Rural,154.26,33.82,,,NAEP - Science - 8 - US - 2019
Country,LSAT,NA,2023,US,US,151.73,10.62,85025.0,,LSAT - US - 2023
Country,LSAT,NA,2023,US,Canada,152.75,9.76,7936.0,,LSAT - US - 2023
Gender,LSAT,NA,2023,US,Female,150.47,10.54,49489.0,0.0,LSAT - US - 2023
Gender,LSAT,NA,2023,US,Male,153.39,10.46,32631.0,0.2780932201925703,LSAT - US - 2023
Gender,LSAT,NA,2023,US,No Response,153.61,11.0,1687.0,0.291484143626319,LSAT - US - 2023
Gender,LSAT,NA,2023,US,Another gender,155.74,10.08,1266.0,0.511027074513163,LSAT - US - 2023
Race/Ethnicity,LSAT,NA,2023,US,White,154.15,9.54,42168.0,0.0,LSAT - US - 2023
Race/Ethnicity,LSAT,NA,2023,US,Black,143.64,9.78,10040.0,-1.0879077814013491,LSAT - US - 2023
Race/Ethnicity,LSAT,NA,2023,US,Multiple Races/Ethnicities,151.01,10.42,9843.0,-0.31432392054324126,LSAT - US - 2023
Race/Ethnicity,LSAT,NA,2023,US,Hispanic,146.75,9.8,9146.0,-0.7651842176036566,LSAT - US - 2023
Race/Ethnicity,LSAT,NA,2023,US,Asian,155.01,10.96,7338.0,0.08370187448836534,LSAT - US - 2023
Race/Ethnicity,LSAT,NA,2023,US,No Response,154.13,10.15,5834.0,-0.002030513883152231,LSAT - US - 2023
Race/Ethnicity,LSAT,NA,2023,US,Puerto Rican,145.54,10.93,469.0,-0.8392982984428677,LSAT - US - 2023
Race/Ethnicity,LSAT,NA,2023,US,Indigenous/Native,145.34,10.32,368.0,-0.8865269941086121,LSAT - US - 2023
Race/Ethnicity,LSAT,NA,2023,US,Native Hawaiian/Other Pacific Islander,146.68,10.22,89.0,-0.7556255815159502,LSAT - US - 2023
Race/Ethnicity,LSAT,NA,2023,US,Canadian Indigenous,147.5,3.3,10.0,-0.9316357415501945,LSAT - US - 2023
Region,LSAT,NA,2023,Regional,Northeast,152.17,11.09,13942.0,,LSAT - Regional - 2023
Region,LSAT,NA,2023,Regional,Southeast,149.86,10.22,12812.0,,LSAT - Regional - 2023
Region,LSAT,NA,2023,Regional,Far West,152.33,10.96,11937.0,,LSAT - Regional - 2023
Region,LSAT,NA,2023,Regional,Great Lakes,151.97,10.26,11078.0,,LSAT - Regional - 2023
Region,LSAT,NA,2023,Regional,Mid-South,152.36,10.76,10630.0,,LSAT - Regional - 2023
Region,LSAT,NA,2023,Regional,South Central,150.06,10.28,10475.0,,LSAT - Regional - 2023
Region,LSAT,NA,2023,Regional,Mountain West,152.88,9.72,4753.0,,LSAT - Regional - 2023
Region,LSAT,NA,2023,Regional,New England,153.48,10.85,4243.0,,LSAT - Regional - 2023
Region,LSAT,NA,2023,Regional,Midwest,152.2,9.73,2933.0,,LSAT - Regional - 2023
Region,LSAT,NA,2023,Regional,Northwest,153.73,10.67,2222.0,,LSAT - Regional - 2023
Age Group,GRE - Analytical Writing,NA,2023,US,18-22,160.0,9.2,169330.0,,GRE - Analytical Writing - US - 2023
Age Group,GRE - Quantitative,NA,2023,US,18-22,3.4,0.8,169330.0,,GRE - Quantitative - US - 2023
Age Group,GRE - Verbal,NA,2023,US,18-22,151.6,7.6,169330.0,,GRE - Verbal - US - 2023
Age Group,GRE - Analytical Writing,NA,2023,US,23-25,155.6,9.1,77935.0,,GRE - Analytical Writing - US - 2023
Age Group,GRE - Analytical Writing,NA,2023,US,23-25,3.3,0.7,77935.0,,GRE - Analytical Writing - US - 2023
Age Group,GRE - Verbal,NA,2023,US,23-25,149.6,7.5,77935.0,,GRE - Verbal - US - 2023
Age Group,GRE - Quantitative,NA,2023,US,26-30,150.6,7.5,46123.0,,GRE - Quantitative - US - 2023
Age Group,GRE - Verbal,NA,2023,US,26-30,160.0,9.1,46123.0,,GRE - Verbal - US - 2023
Age Group,GRE - Verbal,NA,2023,US,26-30,3.3,0.7,46123.0,,GRE - Verbal - US - 2023
Age Group,GRE - Quantitative,NA,2023,US,31-40,149.5,7.4,20251.0,,GRE - Quantitative - US - 2023
Age Group,GRE - Quantitative,NA,2023,US,31-40,158.7,8.9,20251.0,,GRE - Quantitative - US - 2023
Age Group,GRE - Analytical Writing,NA,2023,US,Over 40,156.6,8.8,5638.0,,GRE - Analytical Writing - US - 2023
Age Group,GRE - Quantitative,NA,2023,US,Over 40,148.5,7.3,5638.0,,GRE - Quantitative - US - 2023
Age Group,GRE - Analytical Writing,NA,2023,US,Under 18,164.0,9.2,166.0,,GRE - Analytical Writing - US - 2023
Age Group,GRE - Verbal,NA,2023,US,Under 18,154.8,7.6,166.0,,GRE - Verbal - US - 2023
Age Group,GRE - Verbal,NA,2023,US,Under 18,3.5,0.9,166.0,,GRE - Verbal - US - 2023
Citizenship,GRE - Analytical Writing,NA,2023,US,International,3.2,0.7,221404.0,-0.8682431421244587,GRE - Analytical Writing - US - 2023
Citizenship,GRE - Quantitative,NA,2023,US,International,161.5,8.4,221404.0,1.3173416520878571,GRE - Quantitative - US - 2023
Citizenship,GRE - Verbal,NA,2023,US,International,151.0,8.1,221404.0,-0.10061102372060743,GRE - Verbal - US - 2023
Citizenship,GRE - Analytical Writing,NA,2023,US,Domestic,3.9,0.9,97676.0,0.0,GRE - Analytical Writing - US - 2023
Citizenship,GRE - Quantitative,NA,2023,US,Domestic,150.5,8.3,97676.0,0.0,GRE - Quantitative - US - 2023
Citizenship,GRE - Verbal,NA,2023,US,Domestic,151.8,7.8,97676.0,0.0,GRE - Verbal - US - 2023
Gender,GRE - Analytical Writing,NA,2023,US,Male,3.4,0.8,168452.0,-0.1250000000000001,GRE - Analytical Writing - US - 2023
Gender,GRE - Quantitative,NA,2023,US,Male,160.3,8.8,168452.0,0.46975777762570453,GRE - Quantitative - US - 2023
Gender,GRE - Verbal,NA,2023,US,Male,151.7,8.0,168452.0,0.125,GRE - Verbal - US - 2023
Gender,GRE - Analytical Writing,NA,2023,US,Female,3.5,0.8,150098.0,0.0,GRE - Analytical Writing - US - 2023
Gender,GRE - Quantitative,NA,2023,US,Female,155.8,10.3,150098.0,0.0,GRE - Quantitative - US - 2023
Gender,GRE - Verbal,NA,2023,US,Female,150.7,8.0,150098.0,0.0,GRE - Verbal - US - 2023
Gender,GRE - Analytical Writing,NA,2023,MBA Applicants,Male,3.8,0.9,6013.0,-0.1111111111111112,GRE - Analytical Writing - MBA Applicants - 2023
Gender,GRE - Quantitative,NA,2023,MBA Applicants,Male,157.1,8.8,6013.0,0.3033516385516417,GRE - Quantitative - MBA Applicants - 2023
Gender,GRE - Verbal,NA,2023,MBA Applicants,Male,154.0,8.2,6013.0,0.09756097560975749,GRE - Verbal - MBA Applicants - 2023
Gender,GRE - Analytical Writing,NA,2023,MBA Applicants,Female,3.9,0.9,4641.0,0.0,GRE - Analytical Writing - MBA Applicants - 2023
Gender,GRE - Quantitative,NA,2023,MBA Applicants,Female,154.4,9.0,4641.0,0.0,GRE - Quantitative - MBA Applicants - 2023
Gender,GRE - Verbal,NA,2023,MBA Applicants,Female,153.2,8.2,4641.0,0.0,GRE - Verbal - MBA Applicants - 2023
Gender,GRE - Analytical Writing,NA,2023,US,Another gender,3.9,0.9,551.0,0.46977617561176266,GRE - Analytical Writing - US - 2023
Gender,GRE - Quantitative,NA,2023,US,Another gender,154.1,9.7,551.0,-0.16992355159880404,GRE - Quantitative - US - 2023
Gender,GRE - Verbal,NA,2023,US,Another gender,156.1,7.9,551.0,0.6792318495088646,GRE - Verbal - US - 2023
Race/Ethnicity,GRE - Analytical Writing,NA,2023,US,White,3.9,0.8,49997.0,0.0,GRE - Analytical Writing - US - 2023
Race/Ethnicity,GRE - Quantitative,NA,2023,US,White,150.7,7.5,49997.0,0.0,GRE - Quantitative - US - 2023
Race/Ethnicity,GRE - Verbal,NA,2023,US,White,152.5,7.4,49997.0,0.0,GRE - Verbal - US - 2023
Race/Ethnicity,GRE - Verbal,NA,2023,US,No Response,153.0,8.1,16517.0,0.06445043781814495,GRE - Verbal - US - 2023
Race/Ethnicity,GRE - Analytical Writing,NA,2023,US,No Response,3.9,0.9,9944.0,0.0,GRE - Analytical Writing - US - 2023
Race/Ethnicity,GRE - Analytical Writing,NA,2023,US,Asian,4.0,0.8,9244.0,0.1250000000000001,GRE - Analytical Writing - US - 2023
Race/Ethnicity,GRE - Quantitative,NA,2023,US,Asian,154.3,8.6,9244.0,0.44616482603734803,GRE - Quantitative - US - 2023
Race/Ethnicity,GRE - Verbal,NA,2023,US,Asian,152.7,8.0,9244.0,0.02595433458983818,GRE - Verbal - US - 2023
Race/Ethnicity,GRE - Analytical Writing,NA,2023,US,Black,3.3,0.9,7522.0,-0.7046642634176442,GRE - Analytical Writing - US - 2023
Race/Ethnicity,GRE - Quantitative,NA,2023,US,Black,144.6,7.5,7522.0,-0.8133333333333326,GRE - Quantitative - US - 2023
Race/Ethnicity,GRE - Verbal,NA,2023,US,Black,147.2,7.6,7522.0,-0.7066038602259214,GRE - Verbal - US - 2023
Race/Ethnicity,GRE - Quantitative,NA,2023,US,No Response,152.3,8.1,6452.0,0.20497665120642633,GRE - Quantitative - US - 2023
Race/Ethnicity,GRE - Analytical Writing,NA,2023,US,Hispanic,3.6,0.9,5592.0,-0.3523321317088219,GRE - Analytical Writing - US - 2023
Race/Ethnicity,GRE - Quantitative,NA,2023,US,Hispanic,147.3,7.7,5592.0,-0.44732969958970475,GRE - Quantitative - US - 2023
Race/Ethnicity,GRE - Verbal,NA,2023,US,Hispanic,149.2,7.6,5592.0,-0.43996089410293276,GRE - Verbal - US - 2023
Race/Ethnicity,GRE - Analytical Writing,NA,2023,US,Another Race/Ethnicity,3.9,0.9,3125.0,0.0,GRE - Analytical Writing - US - 2023
Race/Ethnicity,GRE - Quantitative,NA,2023,US,Another Race/Ethnicity,150.7,8.7,3125.0,0.0,GRE - Quantitative - US - 2023
Race/Ethnicity,GRE - Verbal,NA,2023,US,Another Race/Ethnicity,152.7,8.3,3125.0,0.02543594827439699,GRE - Verbal - US - 2023
Race/Ethnicity,GRE - Analytical Writing,NA,2023,MBA Applicants,White,4.2,0.9,2424.0,0.0,GRE - Analytical Writing - MBA Applicants - 2023
Race/Ethnicity,GRE - Quantitative,NA,2023,MBA Applicants,White,154.0,7.6,2424.0,0.0,GRE - Quantitative - MBA Applicants - 2023
Race/Ethnicity,GRE - Verbal,NA,2023,MBA Applicants,White,155.9,7.4,2424.0,0.0,GRE - Verbal - MBA Applicants - 2023
Race/Ethnicity,GRE - Analytical Writing,NA,2023,MBA Applicants,Asian,4.4,0.8,660.0,0.23488808780588158,GRE - Analytical Writing - MBA Applicants - 2023
Race/Ethnicity,GRE - Quantitative,NA,2023,MBA Applicants,Asian,157.6,7.6,660.0,0.47368421052631504,GRE - Quantitative - MBA Applicants - 2023
Race/Ethnicity,GRE - Verbal,NA,2023,MBA Applicants,Asian,156.5,7.2,660.0,0.08218407016184828,GRE - Verbal - MBA Applicants - 2023
Race/Ethnicity,GRE - Analytical Writing,NA,2023,MBA Applicants,Black,3.7,0.9,657.0,-0.5555555555555556,GRE - Analytical Writing - MBA Applicants - 2023
Race/Ethnicity,GRE - Quantitative,NA,2023,MBA Applicants,Black,148.9,8.1,657.0,-0.6493523125957034,GRE - Quantitative - MBA Applicants - 2023
Race/Ethnicity,GRE - Verbal,NA,2023,MBA Applicants,Black,151.2,8.0,657.0,-0.6099268628612341,GRE - Verbal - MBA Applicants - 2023
Race/Ethnicity,GRE - Analytical Writing,NA,2023,US,Indigenous/Native,3.6,0.9,513.0,-0.3523321317088219,GRE - Analytical Writing - US - 2023
Race/Ethnicity,GRE - Quantitative,NA,2023,US,Indigenous/Native,147.4,7.4,513.0,-0.4429430445012197,GRE - Quantitative - US - 2023
Race/Ethnicity,GRE - Verbal,NA,2023,US,Indigenous/Native,149.6,7.1,513.0,-0.39991441510950887,GRE - Verbal - US - 2023
Race/Ethnicity,GRE - Analytical Writing,NA,2023,MBA Applicants,No Response,4.2,0.9,424.0,0.0,GRE - Analytical Writing - MBA Applicants - 2023
Race/Ethnicity,GRE - Quantitative,NA,2023,MBA Applicants,No Response,155.5,7.4,424.0,0.19998222459224146,GRE - Quantitative - MBA Applicants - 2023
Race/Ethnicity,GRE - Verbal,NA,2023,MBA Applicants,No Response,156.8,7.7,424.0,0.11918177864608855,GRE - Verbal - MBA Applicants - 2023
Race/Ethnicity,GRE - Analytical Writing,NA,2023,MBA Applicants,Hispanic,4.0,0.9,299.0,-0.2222222222222224,GRE - Analytical Writing - MBA Applicants - 2023
Race/Ethnicity,GRE - Quantitative,NA,2023,MBA Applicants,Hispanic,151.2,7.6,299.0,-0.3684210526315805,GRE - Quantitative - MBA Applicants - 2023
Race/Ethnicity,GRE - Verbal,NA,2023,MBA Applicants,Hispanic,153.7,8.0,299.0,-0.2854976804882384,GRE - Verbal - MBA Applicants - 2023
Race/Ethnicity,GRE - Analytical Writing,NA,2023,US,Native Hawaiian/Other Pacific Islander,3.8,0.9,273.0,-0.11744404390294079,GRE - Analytical Writing - US - 2023
Race/Ethnicity,GRE - Quantitative,NA,2023,US,Native Hawaiian/Other Pacific Islander,148.2,7.6,273.0,-0.33111856684056856,GRE - Quantitative - US - 2023
Race/Ethnicity,GRE - Verbal,NA,2023,US,Native Hawaiian/Other Pacific Islander,149.4,6.9,273.0,-0.43330164721106507,GRE - Verbal - US - 2023
Race/Ethnicity,GRE - Analytical Writing,NA,2023,MBA Applicants,Another Race/Ethnicity,4.3,0.9,196.0,0.11111111111111072,GRE - Analytical Writing - MBA Applicants - 2023
Race/Ethnicity,GRE - Analytical Writing,NA,2023,MBA Applicants,Another Race/Ethnicity,4.3,0.9,196.0,-0.33333333333333365,GRE - Analytical Writing - MBA Applicants - 2023
Race/Ethnicity,GRE - Quantitative,NA,2023,MBA Applicants,Another Race/Ethnicity,154.2,8.4,196.0,0.024968808471944697,GRE - Quantitative - MBA Applicants - 2023
Race/Ethnicity,GRE - Quantitative,NA,2023,MBA Applicants,Another Race/Ethnicity,154.2,8.4,196.0,-0.4928890024967746,GRE - Quantitative - MBA Applicants - 2023
Race/Ethnicity,GRE - Verbal,NA,2023,MBA Applicants,Another Race/Ethnicity,156.2,8.2,196.0,0.038411063979866614,GRE - Verbal - MBA Applicants - 2023
Race/Ethnicity,GRE - Verbal,NA,2023,MBA Applicants,Another Race/Ethnicity,156.2,8.2,196.0,-0.5866145254705758,GRE - Verbal - MBA Applicants - 2023
Race/Ethnicity,GRE - Analytical Writing,NA,2023,MBA Applicants,Another Race/Ethnicity,3.9,0.9,191.0,0.11111111111111072,GRE - Analytical Writing - MBA Applicants - 2023
Race/Ethnicity,GRE - Analytical Writing,NA,2023,MBA Applicants,Another Race/Ethnicity,3.9,0.9,191.0,-0.33333333333333365,GRE - Analytical Writing - MBA Applicants - 2023
Race/Ethnicity,GRE - Quantitative,NA,2023,MBA Applicants,Another Race/Ethnicity,150.0,8.6,191.0,0.024968808471944697,GRE - Quantitative - MBA Applicants - 2023
Race/Ethnicity,GRE - Quantitative,NA,2023,MBA Applicants,Another Race/Ethnicity,150.0,8.6,191.0,-0.4928890024967746,GRE - Quantitative - MBA Applicants - 2023
Race/Ethnicity,GRE - Verbal,NA,2023,MBA Applicants,Another Race/Ethnicity,151.5,7.6,191.0,0.038411063979866614,GRE - Verbal - MBA Applicants - 2023
Race/Ethnicity,GRE - Verbal,NA,2023,MBA Applicants,Another Race/Ethnicity,151.5,7.6,191.0,-0.5866145254705758,GRE - Verbal - MBA Applicants - 2023
Years of Full-time Work Experience,GRE - Analytical Writing,NA,2023,US,No Response,3.8,0.8,185398.0,,GRE - Analytical Writing - US - 2023
Years of Full-time Work Experience,GRE - Quantitative,NA,2023,US,No Response,161.0,9.3,185398.0,,GRE - Quantitative - US - 2023
Years of Full-time Work Experience,GRE - Verbal,NA,2023,US,No Response,151.7,7.9,185398.0,,GRE - Verbal - US - 2023
Years of Full-time Work Experience,GRE - Analytical Writing,NA,2023,US,Less than 1 Year,3.6,0.8,67971.0,,GRE - Analytical Writing - US - 2023
Years of Full-time Work Experience,GRE - Quantitative,NA,2023,US,Less than 1 Year,154.7,9.7,67971.0,,GRE - Quantitative - US - 2023
Years of Full-time Work Experience,GRE - Verbal,NA,2023,US,Less than 1 Year,150.5,7.8,67971.0,,GRE - Verbal - US - 2023
Years of Full-time Work Experience,GRE - Analytical Writing,NA,2023,US,1-2 Years,3.6,0.8,33957.0,,GRE - Analytical Writing - US - 2023
Years of Full-time Work Experience,GRE - Quantitative,NA,2023,US,1-2 Years,154.2,9.4,33957.0,,GRE - Quantitative - US - 2023
Years of Full-time Work Experience,GRE - Verbal,NA,2023,US,1-2 Years,150.0,8.1,33957.0,,GRE - Verbal - US - 2023
Years of Full-time Work Experience,GRE - Analytical Writing,NA,2023,US,3-4 Years,3.6,0.9,14347.0,,GRE - Analytical Writing - US - 2023
Years of Full-time Work Experience,GRE - Quantitative,NA,2023,US,3-4 Years,153.9,8.9,14347.0,,GRE - Quantitative - US - 2023
Years of Full-time Work Experience,GRE - Verbal,NA,2023,US,3-4 Years,150.7,8.7,14347.0,,GRE - Verbal - US - 2023
Years of Full-time Work Experience,GRE - Analytical Writing,NA,2023,US,5-7 Years,3.7,0.9,9333.0,,GRE - Analytical Writing - US - 2023
Years of Full-time Work Experience,GRE - Quantitative,NA,2023,US,5-7 Years,153.2,9.3,9333.0,,GRE - Quantitative - US - 2023
Years of Full-time Work Experience,GRE - Verbal,NA,2023,US,5-7 Years,151.7,8.7,9333.0,,GRE - Verbal - US - 2023
Years of Full-time Work Experience,GRE - Analytical Writing,NA,2023,US,8-10 Years,3.6,0.9,4098.0,,GRE - Analytical Writing - US - 2023
Years of Full-time Work Experience,GRE - Quantitative,NA,2023,US,8-10 Years,151.8,9.1,4098.0,,GRE - Quantitative - US - 2023
Years of Full-time Work Experience,GRE - Verbal,NA,2023,US,8-10 Years,151.3,8.9,4098.0,,GRE - Verbal - US - 2023
Years of Full-time Work Experience,GRE - Analytical Writing,NA,2023,MBA Applicants,5-7 Years,4.0,0.9,2305.0,,GRE - Analytical Writing - MBA Applicants - 2023
Years of Full-time Work Experience,GRE - Quantitative,NA,2023,MBA Applicants,5-7 Years,156.2,8.1,2305.0,,GRE - Quantitative - MBA Applicants - 2023
Years of Full-time Work Experience,GRE - Verbal,NA,2023,MBA Applicants,5-7 Years,155.0,7.5,2305.0,,GRE - Verbal - MBA Applicants - 2023
Years of Full-time Work Experience,GRE - Analytical Writing,NA,2023,MBA Applicants,3-4 Years,4.0,0.9,2145.0,,GRE - Analytical Writing - MBA Applicants - 2023
Years of Full-time Work Experience,GRE - Quantitative,NA,2023,MBA Applicants,3-4 Years,156.6,8.3,2145.0,,GRE - Quantitative - MBA Applicants - 2023
Years of Full-time Work Experience,GRE - Verbal,NA,2023,MBA Applicants,3-4 Years,154.7,7.9,2145.0,,GRE - Verbal - MBA Applicants - 2023
Years of Full-time Work Experience,GRE - Analytical Writing,NA,2023,MBA Applicants,Less than 1 Year,3.8,0.9,1907.0,,GRE - Analytical Writing - MBA Applicants - 2023
Years of Full-time Work Experience,GRE - Quantitative,NA,2023,MBA Applicants,Less than 1 Year,154.8,8.3,1907.0,,GRE - Quantitative - MBA Applicants - 2023
Years of Full-time Work Experience,GRE - Verbal,NA,2023,MBA Applicants,Less than 1 Year,151.5,8.3,1907.0,,GRE - Verbal - MBA Applicants - 2023
Years of Full-time Work Experience,GRE - Analytical Writing,NA,2023,US,11-14 Years,3.7,0.9,1624.0,,GRE - Analytical Writing - US - 2023
Years of Full-time Work Experience,GRE - Quantitative,NA,2023,US,11-14 Years,151.6,9.0,1624.0,,GRE - Quantitative - US - 2023
Years of Full-time Work Experience,GRE - Verbal,NA,2023,US,11-14 Years,151.3,8.9,1624.0,,GRE - Verbal - US - 2023
Years of Full-time Work Experience,GRE - Analytical Writing,NA,2023,MBA Applicants,1-2 Years,3.8,0.9,1476.0,,GRE - Analytical Writing - MBA Applicants - 2023
Years of Full-time Work Experience,GRE - Quantitative,NA,2023,MBA Applicants,1-2 Years,155.7,9.5,1476.0,,GRE - Quantitative - MBA Applicants - 2023
Years of Full-time Work Experience,GRE - Verbal,NA,2023,MBA Applicants,1-2 Years,152.8,8.6,1476.0,,GRE - Verbal - MBA Applicants - 2023
Years of Full-time Work Experience,GRE - Analytical Writing,NA,2023,US,15-19 Years,3.5,0.9,1126.0,,GRE - Analytical Writing - US - 2023
Years of Full-time Work Experience,GRE - Quantitative,NA,2023,US,15-19 Years,149.4,9.4,1126.0,,GRE - Quantitative - US - 2023
Years of Full-time Work Experience,GRE - Verbal,NA,2023,US,15-19 Years,150.6,9.3,1126.0,,GRE - Verbal - US - 2023
Years of Full-time Work Experience,GRE - Analytical Writing,NA,2023,US,20-29 Years,3.5,0.9,844.0,,GRE - Analytical Writing - US - 2023
Years of Full-time Work Experience,GRE - Quantitative,NA,2023,US,20-29 Years,147.7,9.4,844.0,,GRE - Quantitative - US - 2023
Years of Full-time Work Experience,GRE - Verbal,NA,2023,US,20-29 Years,151.1,8.9,844.0,,GRE - Verbal - US - 2023
Years of Full-time Work Experience,GRE - Analytical Writing,NA,2023,MBA Applicants,8-10 Years,3.8,0.9,814.0,,GRE - Analytical Writing - MBA Applicants - 2023
Years of Full-time Work Experience,GRE - Quantitative,NA,2023,MBA Applicants,8-10 Years,154.9,8.5,814.0,,GRE - Quantitative - MBA Applicants - 2023
Years of Full-time Work Experience,GRE - Verbal,NA,2023,MBA Applicants,8-10 Years,153.7,8.1,814.0,,GRE - Verbal - MBA Applicants - 2023
Years of Full-time Work Experience,GRE - Analytical Writing,NA,2023,US,Over 30 Years,3.4,0.8,403.0,,GRE - Analytical Writing - US - 2023
Years of Full-time Work Experience,GRE - Quantitative,NA,2023,US,Over 30 Years,147.9,9.6,403.0,,GRE - Quantitative - US - 2023
Years of Full-time Work Experience,GRE - Verbal,NA,2023,US,Over 30 Years,148.4,8.7,403.0,,GRE - Verbal - US - 2023
Years of Full-time Work Experience,GRE - Analytical Writing,NA,2023,MBA Applicants,11-14 Years,3.6,0.9,225.0,,GRE - Analytical Writing - MBA Applicants - 2023
Years of Full-time Work Experience,GRE - Quantitative,NA,2023,MBA Applicants,11-14 Years,153.6,9.0,225.0,,GRE - Quantitative - MBA Applicants - 2023
Years of Full-time Work Experience,GRE - Verbal,NA,2023,MBA Applicants,11-14 Years,153.0,8.9,225.0,,GRE - Verbal - MBA Applicants - 2023
Years of Full-time Work Experience,GRE - Analytical Writing,NA,2023,MBA Applicants,15-19 Years,3.6,0.8,74.0,,GRE - Analytical Writing - MBA Applicants - 2023
Years of Full-time Work Experience,GRE - Quantitative,NA,2023,MBA Applicants,15-19 Years,150.5,9.6,74.0,,GRE - Quantitative - MBA Applicants - 2023
Years of Full-time Work Experience,GRE - Verbal,NA,2023,MBA Applicants,15-19 Years,149.8,8.9,74.0,,GRE - Verbal - MBA Applicants - 2023
Years of Full-time Work Experience,GRE - Analytical Writing,NA,2023,MBA Applicants,20-29 Years,3.5,1.1,38.0,,GRE - Analytical Writing - MBA Applicants - 2023
Years of Full-time Work Experience,GRE - Quantitative,NA,2023,MBA Applicants,20-29 Years,151.3,10.3,38.0,,GRE - Quantitative - MBA Applicants - 2023
Years of Full-time Work Experience,GRE - Verbal,NA,2023,MBA Applicants,20-29 Years,150.9,9.7,38.0,,GRE - Verbal - MBA Applicants - 2023
Gender,GMAT - Total Score,NA,2017,Business,Female,643.84,86.72,1029.0,0.0,GMAT - Total Score - Business - 2017
Gender,GMAT - Total Score,NA,2017,Business,Male,652.71,85.93,1848.0,0.10275015516315819,GMAT - Total Score - Business - 2017
Race/Ethnicity,GMAT - Total Score,NA,2017,Business,White,661.26,75.1,936.0,0.0,GMAT - Total Score - Business - 2017
Race/Ethnicity,GMAT - Total Score,NA,2017,Business,Asian,663.6,81.44,166.0,0.029872022315205773,GMAT - Total Score - Business - 2017
Race/Ethnicity,GMAT - Total Score,NA,2017,Business,Black,608.43,90.34,89.0,-0.6359679176917021,GMAT - Total Score - Business - 2017
Race/Ethnicity,GMAT - Total Score,NA,2017,Business,Another Language,647.86,77.35,136.0,-0.17577619944415301,GMAT - Total Score - Business - 2017
Home Language,GMAT - Total Score,NA,2017,Business,English,661.5,76.9,1315.0,0.0,GMAT - Total Score - Business - 2017
Home Language,GMAT - Total Score,NA,2017,Business,Another Language,647.06,93.25,809.0,-0.16895435180936347,GMAT - Total Score - Business - 2017
Citizenship,GMAT - Total Score,NA,2017,Business,Domestic,660.64,83.35,1843.0,0.0,GMAT - Total Score - Business - 2017
Citizenship,GMAT - Total Score,NA,2017,Business,International,665.11,80.74,406.0,0.05447540565708597,GMAT - Total Score - Business - 2017
Citizenship,GMAT - Total Score,NA,2017,Business,International,665.11,80.74,406.0,0.007159224278265578,GMAT - Total Score - Business - 2017
Citizenship,GMAT - Total Score,NA,2017,Business,International,665.11,80.74,406.0,-0.30228467762670985,GMAT - Total Score - Business - 2017
Citizenship,GMAT - Total Score,NA,2017,Business,International,665.11,80.74,406.0,-0.24777868012238868,GMAT - Total Score - Business - 2017
Citizenship,GMAT - Total Score,NA,2017,Business,International,665.11,80.74,406.0,-0.38873207380694585,GMAT - Total Score - Business - 2017
Citizenship,GMAT - Total Score,NA,2017,Business,International,661.25,87.02,169.0,0.05447540565708597,GMAT - Total Score - Business - 2017
Citizenship,GMAT - Total Score,NA,2017,Business,International,661.25,87.02,169.0,0.007159224278265578,GMAT - Total Score - Business - 2017
Citizenship,GMAT - Total Score,NA,2017,Business,International,661.25,87.02,169.0,-0.30228467762670985,GMAT - Total Score - Business - 2017
Citizenship,GMAT - Total Score,NA,2017,Business,International,661.25,87.02,169.0,-0.24777868012238868,GMAT - Total Score - Business - 2017
Citizenship,GMAT - Total Score,NA,2017,Business,International,661.25,87.02,169.0,-0.38873207380694585,GMAT - Total Score - Business - 2017
Citizenship,GMAT - Total Score,NA,2017,Business,International,630.52,113.62,105.0,0.05447540565708597,GMAT - Total Score - Business - 2017
Citizenship,GMAT - Total Score,NA,2017,Business,International,630.52,113.62,105.0,0.007159224278265578,GMAT - Total Score - Business - 2017
Citizenship,GMAT - Total Score,NA,2017,Business,International,630.52,113.62,105.0,-0.30228467762670985,GMAT - Total Score - Business - 2017
Citizenship,GMAT - Total Score,NA,2017,Business,International,630.52,113.62,105.0,-0.24777868012238868,GMAT - Total Score - Business - 2017
Citizenship,GMAT - Total Score,NA,2017,Business,International,630.52,113.62,105.0,-0.38873207380694585,GMAT - Total Score - Business - 2017
Citizenship,GMAT - Total Score,NA,2017,Business,International,638.03,98.52,126.0,0.05447540565708597,GMAT - Total Score - Business - 2017
Citizenship,GMAT - Total Score,NA,2017,Business,International,638.03,98.52,126.0,0.007159224278265578,GMAT - Total Score - Business - 2017
Citizenship,GMAT - Total Score,NA,2017,Business,International,638.03,98.52,126.0,-0.30228467762670985,GMAT - Total Score - Business - 2017
Citizenship,GMAT - Total Score,NA,2017,Business,International,638.03,98.52,126.0,-0.24777868012238868,GMAT - Total Score - Business - 2017
Citizenship,GMAT - Total Score,NA,2017,Business,International,638.03,98.52,126.0,-0.38873207380694585,GMAT - Total Score - Business - 2017
Citizenship,GMAT - Total Score,NA,2017,Business,International,622.09,112.79,88.0,0.05447540565708597,GMAT - Total Score - Business - 2017
Citizenship,GMAT - Total Score,NA,2017,Business,International,622.09,112.79,88.0,0.007159224278265578,GMAT - Total Score - Business - 2017
Citizenship,GMAT - Total Score,NA,2017,Business,International,622.09,112.79,88.0,-0.30228467762670985,GMAT - Total Score - Business - 2017
Citizenship,GMAT - Total Score,NA,2017,Business,International,622.09,112.79,88.0,-0.24777868012238868,GMAT - Total Score - Business - 2017
Citizenship,GMAT - Total Score,NA,2017,Business,International,622.09,112.79,88.0,-0.38873207380694585,GMAT - Total Score - Business - 2017
Age,GMAT - Total Score,NA,2017,Business,≤ 25,664.19,69.63,552.0,,GMAT - Total Score - Business - 2017
Age,GMAT - Total Score,NA,2017,Business,26–30,681.05,64.94,1296.0,,GMAT - Total Score - Business - 2017
Age,GMAT - Total Score,NA,2017,Business,≥ 31,637.54,90.58,385.0,,GMAT - Total Score - Business - 2017
Race/Ethnicity,GMAT - Total Score,NA,2023,US,Black,550.0,86.13,2083.0,-1.1726460002322072,GMAT - Total Score - US - 2023
Race/Ethnicity,GMAT - Total Score,NA,2023,US,Asian,679.0,86.13,7554.0,0.32508998026239405,GMAT - Total Score - US - 2023
Race/Ethnicity,GMAT - Total Score,NA,2023,US,Native Hawaiian/Other Pacific Islander,638.0,86.13,166.0,-0.15093463369325438,GMAT - Total Score - US - 2023
Race/Ethnicity,GMAT - Total Score,NA,2023,US,Hispanic,588.0,86.13,2834.0,-0.7314524555903866,GMAT - Total Score - US - 2023
Race/Ethnicity,GMAT - Total Score,NA,2023,US,Another Race/Ethnicity,657.0,86.13,481.0,0.06966213862765587,GMAT - Total Score - US - 2023
Race/Ethnicity,GMAT - Total Score,NA,2023,US,Another Race/Ethnicity,657.0,86.13,481.0,0.08127249506559851,GMAT - Total Score - US - 2023
Race/Ethnicity,GMAT - Total Score,NA,2023,US,Indigenous/Native,577.0,86.13,241.0,-0.8591663764077557,GMAT - Total Score - US - 2023
Race/Ethnicity,GMAT - Total Score,NA,2023,US,White,651.0,86.13,18961.0,0.0,GMAT - Total Score - US - 2023
Race/Ethnicity,GMAT - Total Score,NA,2023,US,Another Race/Ethnicity,658.0,86.13,644.0,0.06966213862765587,GMAT - Total Score - US - 2023
Race/Ethnicity,GMAT - Total Score,NA,2023,US,Another Race/Ethnicity,658.0,86.13,644.0,0.08127249506559851,GMAT - Total Score - US - 2023
Race/Ethnicity,GMAT - Total Score,NA,2023,US,No Response,236.0,86.13,664.0,-4.818297921746198,GMAT - Total Score - US - 2023
Gender,Casper,NA,2024,US,Female,0.075,0.975,35311.0,0.0,Casper - US - 2024
Gender,Casper,NA,2024,US,Male,-0.145,1.012,16930.0,-0.22140097451953056,Casper - US - 2024
Gender,Casper,NA,2024,US,Another gender,0.113,0.979,466.0,0.038894493735752426,Casper - US - 2024
Race/Ethnicity,Casper,NA,2024,US,Asian,0.064,1.015,11945.0,-0.05721878018811278,Casper - US - 2024
Race/Ethnicity,Casper,NA,2024,US,Black,-0.475,0.999,4210.0,-0.6131281084241169,Casper - US - 2024
Race/Ethnicity,Casper,NA,2024,US,Hispanic,-0.257,0.978,6237.0,-0.39283996274109273,Casper - US - 2024
Race/Ethnicity,Casper,NA,2024,US,Indigenous/Native,-0.198,0.92,216.0,-0.3417299900689962,Casper - US - 2024
Race/Ethnicity,Casper,NA,2024,US,Middle East/North African American,-0.046,1.045,2448.0,-0.1669414498500443,Casper - US - 2024
Race/Ethnicity,Casper,NA,2024,US,Another Race/Ethnicity,0.025,1.046,1437.0,-0.0954883105676704,Casper - US - 2024
Race/Ethnicity,Casper,NA,2024,US,White,0.12,0.941,26260.0,0.0,Casper - US - 2024
Parent Education,Casper,NA,2024,US,Associate Degree,-0.128,0.958,2269.0,-0.151851401492903,Casper - US - 2024
Parent Education,Casper,NA,2024,US,Associate Degree,-0.128,0.958,2269.0,-0.19344923336578423,Casper - US - 2024
Parent Education,Casper,NA,2024,US,Bachelor's Degree,0.019,0.978,12344.0,0.0,Casper - US - 2024
Parent Education,Casper,NA,2024,US,Graduate Degree,0.159,0.992,3553.0,0.14212839073245,Casper - US - 2024
Parent Education,Casper,NA,2024,US,Graduate Degree,0.159,0.992,3553.0,0.10955427197732241,Casper - US - 2024
Parent Education,Casper,NA,2024,US,Graduate Degree,0.159,0.992,3553.0,0.11314931800983145,Casper - US - 2024
Parent Education,Casper,NA,2024,US,No High School Diploma,-0.361,1.025,1619.0,-0.3793264400955739,Casper - US - 2024
Parent Education,Casper,NA,2024,US,Graduate Degree,0.125,0.957,11114.0,0.14212839073245,Casper - US - 2024
Parent Education,Casper,NA,2024,US,Graduate Degree,0.125,0.957,11114.0,0.10955427197732241,Casper - US - 2024
Parent Education,Casper,NA,2024,US,Graduate Degree,0.125,0.957,11114.0,0.11314931800983145,Casper - US - 2024
Parent Education,Casper,NA,2024,US,Graduate Degree,0.13,0.984,5772.0,0.14212839073245,Casper - US - 2024
Parent Education,Casper,NA,2024,US,Graduate Degree,0.13,0.984,5772.0,0.10955427197732241,Casper - US - 2024
Parent Education,Casper,NA,2024,US,Graduate Degree,0.13,0.984,5772.0,0.11314931800983145,Casper - US - 2024
Parent Education,Casper,NA,2024,US,Associate Degree,-0.17,0.976,2587.0,-0.151851401492903,Casper - US - 2024
Parent Education,Casper,NA,2024,US,Associate Degree,-0.17,0.976,2587.0,-0.19344923336578423,Casper - US - 2024
Age,Casper,NA,2024,US,Under 20,0.104,0.975,1322.0,,Casper - US - 2024
Age,Casper,NA,2024,US,20-22,0.145,0.949,18880.0,,Casper - US - 2024
Age,Casper,NA,2024,US,23-25,0.0,0.966,17090.0,,Casper - US - 2024
Age,Casper,NA,2024,US,26-28,-0.046,1.007,7343.0,,Casper - US - 2024
Age,Casper,NA,2024,US,Over 28,-0.46,1.053,3985.0,,Casper - US - 2024
Gender,Casper,NA,2024,CA,Female,0.047,0.971,28060.0,0.0,Casper - CA - 2024
Gender,Casper,NA,2024,CA,Male,-0.062,1.009,9246.0,-0.11008073896124829,Casper - CA - 2024
Gender,Casper,NA,2024,CA,Another gender,0.015,0.991,401.0,-0.032618081092553035,Casper - CA - 2024
Race/Ethnicity,Casper,NA,2024,CA,Asian,0.004,1.003,9734.0,-0.15373264077885204,Casper - CA - 2024
Race/Ethnicity,Casper,NA,2024,CA,Black,-0.603,1.026,3090.0,-0.7786603705027099,Casper - CA - 2024
Race/Ethnicity,Casper,NA,2024,CA,Hispanic,-0.093,0.997,734.0,-0.25601666522513894,Casper - CA - 2024
Race/Ethnicity,Casper,NA,2024,CA,Indigenous/Native,-0.167,0.904,754.0,-0.3511867075464346,Casper - CA - 2024
Race/Ethnicity,Casper,NA,2024,CA,Middle East/North African American,-0.051,1.053,3169.0,-0.20555295896953543,Casper - CA - 2024
Race/Ethnicity,Casper,NA,2024,CA,Another Race/Ethnicity,0.101,0.973,1720.0,-0.0531587414872382,Casper - CA - 2024
Race/Ethnicity,Casper,NA,2024,CA,White,0.151,0.907,18960.0,0.0,Casper - CA - 2024
Parent Education,Casper,NA,2024,CA,Associate Degree,-0.028,0.949,2523.0,-0.1126908743174789,Casper - CA - 2024
Parent Education,Casper,NA,2024,CA,Associate Degree,-0.028,0.949,2523.0,-0.1259175293049528,Casper - CA - 2024
Parent Education,Casper,NA,2024,CA,Bachelor's Degree,0.079,0.95,11285.0,0.0,Casper - CA - 2024
Parent Education,Casper,NA,2024,CA,Graduate Degree,0.15,0.986,1873.0,0.07333442990696752,Casper - CA - 2024
Parent Education,Casper,NA,2024,CA,Graduate Degree,0.15,0.986,1873.0,0.046096920924889234,Casper - CA - 2024
Parent Education,Casper,NA,2024,CA,Graduate Degree,0.15,0.986,1873.0,0.056599625627738855,Casper - CA - 2024
Parent Education,Casper,NA,2024,CA,High School Diploma,0.025,1.021,49.0,-0.05475900421017033,Casper - CA - 2024
Parent Education,Casper,NA,2024,CA,No High School Diploma,-0.243,1.088,1192.0,-0.31527411785370524,Casper - CA - 2024
Parent Education,Casper,NA,2024,CA,Graduate Degree,0.123,0.959,5806.0,0.07333442990696752,Casper - CA - 2024
Parent Education,Casper,NA,2024,CA,Graduate Degree,0.123,0.959,5806.0,0.046096920924889234,Casper - CA - 2024
Parent Education,Casper,NA,2024,CA,Graduate Degree,0.123,0.959,5806.0,0.056599625627738855,Casper - CA - 2024
Parent Education,Casper,NA,2024,CA,Graduate Degree,0.134,0.993,2480.0,0.07333442990696752,Casper - CA - 2024
Parent Education,Casper,NA,2024,CA,Graduate Degree,0.134,0.993,2480.0,0.046096920924889234,Casper - CA - 2024
Parent Education,Casper,NA,2024,CA,Graduate Degree,0.134,0.993,2480.0,0.056599625627738855,Casper - CA - 2024
Parent Education,Casper,NA,2024,CA,Associate Degree,-0.041,0.956,3768.0,-0.1126908743174789,Casper - CA - 2024
Parent Education,Casper,NA,2024,CA,Associate Degree,-0.041,0.956,3768.0,-0.1259175293049528,Casper - CA - 2024
Age,Casper,NA,2024,CA,Under 20,0.049,0.947,10103.0,,Casper - CA - 2024
Age,Casper,NA,2024,CA,20-22,0.192,0.916,9247.0,,Casper - CA - 2024
Age,Casper,NA,2024,CA,23-25,0.091,0.953,6986.0,,Casper - CA - 2024
Age,Casper,NA,2024,CA,26-28,0.04,0.961,5326.0,,Casper - CA - 2024
Age,Casper,NA,2024,CA,Over 28,-0.488,1.062,3994.0,,Casper - CA - 2024
Gender,Casper,NA,2022,CA,Female,0.036,0.978,33051.0,0.0,Casper - CA - 2022
Gender,Casper,NA,2022,CA,Male,-0.056,1.017,11755.0,-0.09221295814575212,Casper - CA - 2022
Gender,Casper,NA,2022,CA,Another gender,0.204,0.964,353.0,0.17301301198853075,Casper - CA - 2022
Race/Ethnicity,Casper,NA,2022,CA,Asian,-0.001,1.022,10792.0,-0.15946267505098347,Casper - CA - 2022
Race/Ethnicity,Casper,NA,2022,CA,Black,-0.611,1.035,2810.0,-0.7854902333017381,Casper - CA - 2022
Race/Ethnicity,Casper,NA,2022,CA,Hispanic,-0.27,0.975,803.0,-0.44945846834115444,Casper - CA - 2022
Race/Ethnicity,Casper,NA,2022,CA,Indigenous/Native,-0.162,0.916,835.0,-0.34576866704687614,Casper - CA - 2022
Race/Ethnicity,Casper,NA,2022,CA,Middle East/North African American,-0.113,1.079,3382.0,-0.2669979677377749,Casper - CA - 2022
Race/Ethnicity,Casper,NA,2022,CA,Another Race/Ethnicity,-0.027,1.008,1833.0,-0.18782125834351734,Casper - CA - 2022
Race/Ethnicity,Casper,NA,2022,CA,White,0.153,0.906,23020.0,0.0,Casper - CA - 2022
Parent Education,Casper,NA,2022,CA,Associate Degree,0.021,0.947,3042.0,-0.05240949064159037,Casper - CA - 2022
Parent Education,Casper,NA,2022,CA,Associate Degree,0.021,0.947,3042.0,-0.11157431419330642,Casper - CA - 2022
Parent Education,Casper,NA,2022,CA,Bachelor's Degree,0.071,0.961,14033.0,0.0,Casper - CA - 2022
Parent Education,Casper,NA,2022,CA,Graduate Degree,0.117,0.995,2209.0,0.04702766069925203,Casper - CA - 2022
Parent Education,Casper,NA,2022,CA,Graduate Degree,0.117,0.995,2209.0,0.06029102771695997,Casper - CA - 2022
Parent Education,Casper,NA,2022,CA,Graduate Degree,0.117,0.995,2209.0,-0.00814901233231316,Casper - CA - 2022
Parent Education,Casper,NA,2022,CA,No High School Diploma,-0.274,1.085,1332.0,-0.3366257393330996,Casper - CA - 2022
Parent Education,Casper,NA,2022,CA,Graduate Degree,0.129,0.963,6405.0,0.04702766069925203,Casper - CA - 2022
Parent Education,Casper,NA,2022,CA,Graduate Degree,0.129,0.963,6405.0,0.06029102771695997,Casper - CA - 2022
Parent Education,Casper,NA,2022,CA,Graduate Degree,0.129,0.963,6405.0,-0.00814901233231316,Casper - CA - 2022
Parent Education,Casper,NA,2022,CA,Graduate Degree,0.063,1.002,2854.0,0.04702766069925203,Casper - CA - 2022
Parent Education,Casper,NA,2022,CA,Graduate Degree,0.063,1.002,2854.0,0.06029102771695997,Casper - CA - 2022
Parent Education,Casper,NA,2022,CA,Graduate Degree,0.063,1.002,2854.0,-0.00814901233231316,Casper - CA - 2022
Parent Education,Casper,NA,2022,CA,Associate Degree,-0.036,0.957,4929.0,-0.05240949064159037,Casper - CA - 2022
Parent Education,Casper,NA,2022,CA,Associate Degree,-0.036,0.957,4929.0,-0.11157431419330642,Casper - CA - 2022
Age,Casper,NA,2022,CA,Under 20,0.008,0.937,11307.0,,Casper - CA - 2022
Age,Casper,NA,2022,CA,20-22,0.21,0.929,10035.0,,Casper - CA - 2022
Age,Casper,NA,2022,CA,23-25,0.148,0.947,7829.0,,Casper - CA - 2022
Age,Casper,NA,2022,CA,26-28,0.072,0.947,6339.0,,Casper - CA - 2022
Age,Casper,NA,2022,CA,Over 28,-0.509,1.05,4986.0,,Casper - CA - 2022
Gender,Casper,NA,2022,US,Female,0.066,0.98,46463.0,0.0,Casper - US - 2022
Gender,Casper,NA,2022,US,Male,-0.125,1.013,24912.0,-0.19164457857350684,Casper - US - 2022
Gender,Casper,NA,2022,US,Another gender,0.164,0.978,463.0,0.10010209282466698,Casper - US - 2022
Race/Ethnicity,Casper,NA,2022,US,Asian,0.1,1.011,14920.0,-0.021598212623512313,Casper - US - 2022
Race/Ethnicity,Casper,NA,2022,US,Black,-0.565,1.01,5676.0,-0.7059189884066184,Casper - US - 2022
Race/Ethnicity,Casper,NA,2022,US,Hispanic,-0.275,0.987,7478.0,-0.41254554994269527,Casper - US - 2022
Race/Ethnicity,Casper,NA,2022,US,Indigenous/Native,-0.295,0.98,289.0,-0.4350093847168289,Casper - US - 2022
Race/Ethnicity,Casper,NA,2022,US,Middle East/North African American,-0.105,1.058,3083.0,-0.22668175048670838,Casper - US - 2022
Race/Ethnicity,Casper,NA,2022,US,Another Race/Ethnicity,0.054,1.031,1720.0,-0.06817621531455373,Casper - US - 2022
Race/Ethnicity,Casper,NA,2022,US,White,0.121,0.932,35897.0,0.0,Casper - US - 2022
Parent Education,Casper,NA,2022,US,Associate Degree,-0.134,0.981,3707.0,-0.15660052989590753,Casper - US - 2022
Parent Education,Casper,NA,2022,US,Associate Degree,-0.134,0.981,3707.0,-0.16816950674597367,Casper - US - 2022
Parent Education,Casper,NA,2022,US,Bachelor's Degree,0.019,0.973,17435.0,0.0,Casper - US - 2022
Parent Education,Casper,NA,2022,US,Graduate Degree,0.148,0.991,5020.0,0.13135904537310503,Casper - US - 2022
Parent Education,Casper,NA,2022,US,Graduate Degree,0.148,0.991,5020.0,0.08161048156267578,Casper - US - 2022
Parent Education,Casper,NA,2022,US,Graduate Degree,0.148,0.991,5020.0,0.1264131551901336,Casper - US - 2022
Parent Education,Casper,NA,2022,US,No High School Diploma,-0.436,1.038,2040.0,-0.45227499831898366,Casper - US - 2022
Parent Education,Casper,NA,2022,US,Graduate Degree,0.098,0.963,14985.0,0.13135904537310503,Casper - US - 2022
Parent Education,Casper,NA,2022,US,Graduate Degree,0.098,0.963,14985.0,0.08161048156267578,Casper - US - 2022
Parent Education,Casper,NA,2022,US,Graduate Degree,0.098,0.963,14985.0,0.1264131551901336,Casper - US - 2022
Parent Education,Casper,NA,2022,US,Graduate Degree,0.142,0.973,8274.0,0.13135904537310503,Casper - US - 2022
Parent Education,Casper,NA,2022,US,Graduate Degree,0.142,0.973,8274.0,0.08161048156267578,Casper - US - 2022
Parent Education,Casper,NA,2022,US,Graduate Degree,0.142,0.973,8274.0,0.1264131551901336,Casper - US - 2022
Parent Education,Casper,NA,2022,US,Associate Degree,-0.147,1.001,3803.0,-0.15660052989590753,Casper - US - 2022
Parent Education,Casper,NA,2022,US,Associate Degree,-0.147,1.001,3803.0,-0.16816950674597367,Casper - US - 2022
Age,Casper,NA,2022,US,Under 20,0.126,0.938,1129.0,,Casper - US - 2022
Age,Casper,NA,2022,US,20-22,0.137,0.944,25530.0,,Casper - US - 2022
Age,Casper,NA,2022,US,23-25,-0.012,0.98,21227.0,,Casper - US - 2022
Age,Casper,NA,2022,US,26-28,-0.041,0.992,10152.0,,Casper - US - 2022
Age,Casper,NA,2022,US,Over 28,-0.418,1.115,5211.0,,Casper - US - 2022
Citizenship,Casper,NA,2022,US,Domestic,0.022,0.983,64371.0,0.0,Casper - US - 2022
Citizenship,Casper,NA,2022,CA,Domestic,0.068,0.969,33556.0,0.0,Casper - CA - 2022
Citizenship,Casper,NA,2022,US,No Response,-0.031,1.023,21059.0,-0.05283097353541801,Casper - US - 2022
Citizenship,Casper,NA,2022,CA,No Response,-0.101,1.048,10824.0,-0.16744721950478095,Casper - CA - 2022
Citizenship,Casper,NA,2022,US,International,-0.327,1.167,2593.0,-0.3234687529709659,Casper - US - 2022
Citizenship,Casper,NA,2022,CA,International,-0.683,0.996,2062.0,-0.7643044433252606,Casper - CA - 2022
Citizenship,Casper,NA,2024,US,Domestic,0.024,0.982,49749.0,0.0,Casper - US - 2024
Citizenship,Casper,NA,2024,CA,Domestic,0.067,0.966,29900.0,0.0,Casper - CA - 2024
Citizenship,Casper,NA,2024,US,No Response,-0.024,1.022,24590.0,-0.04789465183755783,Casper - US - 2024
Citizenship,Casper,NA,2024,CA,No Response,-0.075,1.044,13825.0,-0.1411872651446812,Casper - CA - 2024
Citizenship,Casper,NA,2024,US,International,-0.3,1.132,2176.0,-0.30575917454160273,Casper - US - 2024
Citizenship,Casper,NA,2024,CA,International,-0.652,1.009,1811.0,-0.7279287574673959,Casper - CA - 2024
Home Language,Casper,NA,2022,US,English,0.061,0.967,52286.0,0.0,Casper - US - 2022
Home Language,Casper,NA,2022,CA,English,0.098,0.953,26804.0,0.0,Casper - CA - 2022
Home Language,Casper,NA,2022,US,No Response,-0.022,1.019,24692.0,-0.08355645891397852,Casper - US - 2022
Home Language,Casper,NA,2022,CA,No Response,-0.089,1.046,12105.0,-0.1868914009256507,Casper - CA - 2022
Home Language,Casper,NA,2022,US,Another Language,-0.247,1.071,11045.0,-0.30186432732081825,Casper - US - 2022
Home Language,Casper,NA,2022,CA,Another Language,-0.231,1.049,7533.0,-0.32829410583987767,Casper - CA - 2022
Home Language,Casper,NA,2024,US,English,0.068,0.966,36500.0,0.0,Casper - US - 2024
Home Language,Casper,NA,2024,US,No Response,-0.019,1.015,31555.0,-0.08780756997909626,Casper - US - 2024
Home Language,Casper,NA,2024,CA,English,0.101,0.954,22085.0,0.0,Casper - CA - 2024
Home Language,Casper,NA,2024,CA,No Response,-0.073,1.034,16979.0,-0.1749087377509698,Casper - CA - 2024
Home Language,Casper,NA,2024,US,Another Language,-0.225,1.057,8460.0,-0.28937618850893665,Casper - US - 2024
Home Language,Casper,NA,2024,CA,Another Language,-0.185,1.036,6472.0,-0.28719347113982796,Casper - CA - 2024
English Proficiency,Casper,NA,2022,US,Advanced/Functionally Native/Native,0.026,0.983,61063.0,0.0,Casper - US - 2022
English Proficiency,Casper,NA,2022,CA,Advanced/Functionally Native/Native,0.094,0.955,31061.0,0.0,Casper - CA - 2022
English Proficiency,Casper,NA,2022,US,No Response,-0.027,1.018,25826.0,-0.052965411638583024,Casper - US - 2022
English Proficiency,Casper,NA,2022,CA,No Response,-0.104,1.044,13104.0,-0.1979030018242081,Casper - CA - 2022
English Proficiency,Casper,NA,2022,CA,Basic/Fair/Competent,-0.781,0.987,2277.0,-0.9010105399302499,Casper - CA - 2022
English Proficiency,Casper,NA,2022,US,Basic/Fair/Competent,-0.899,1.097,1134.0,-0.8880902174971812,Casper - US - 2022
English Proficiency,Casper,NA,2024,US,Advanced/Functionally Native/Native,0.038,0.979,42903.0,0.0,Casper - US - 2024
English Proficiency,Casper,NA,2024,US,No Response,-0.022,1.014,32492.0,-0.06020145508056671,Casper - US - 2024
English Proficiency,Casper,NA,2024,CA,Advanced/Functionally Native/Native,0.108,0.948,25457.0,0.0,Casper - CA - 2024
English Proficiency,Casper,NA,2024,CA,No Response,-0.078,1.031,17832.0,-0.18780861946771787,Casper - CA - 2024
English Proficiency,Casper,NA,2024,CA,Basic/Fair/Competent,-0.704,1.027,2247.0,-0.8216214465641448,Casper - CA - 2024
English Proficiency,Casper,NA,2024,US,Basic/Fair/Competent,-0.86,1.034,1120.0,-0.8918678617593767,Casper - US - 2024
Family Income,Casper,NA,2022,CA,No Response,-0.099,1.036,17853.0,-0.3269376654268663,Casper - CA - 2022
Family Income,Casper,NA,2022,CA,"> $100,000",0.221,0.918,13169.0,0.0,Casper - CA - 2022
Family Income,Casper,NA,2022,CA,"< $50,000",-0.229,1.037,6264.0,-0.45950758162946126,Casper - CA - 2022
Family Income,Casper,NA,2022,CA,"$50,000 to $74,999",-0.068,0.974,4663.0,-0.3053630998551626,Casper - CA - 2022
Family Income,Casper,NA,2022,CA,"$75,000 to $99,999",0.082,0.941,4493.0,-0.14953132080620654,Casper - CA - 2022
Family Income,Casper,NA,2024,CA,No Response,-0.058,1.027,26364.0,-0.3269451792028013,Casper - CA - 2024
Family Income,Casper,NA,2024,CA,"> $100,000",0.258,0.902,7250.0,0.0,Casper - CA - 2024
Family Income,Casper,NA,2024,CA,"< $50,000",-0.197,1.009,4835.0,-0.4754457833131198,Casper - CA - 2024
Family Income,Casper,NA,2024,CA,"$50,000 to $74,999",-0.011,0.947,3636.0,-0.29088195704204056,Casper - CA - 2024
Family Income,Casper,NA,2024,CA,"$75,000 to $99,999",0.142,0.929,3451.0,-0.1266929439709039,Casper - CA - 2024
Family Income,Casper,NA,2022,US,No Response,-0.013,1.025,31999.0,-0.17295036104313496,Casper - US - 2022
Family Income,Casper,NA,2022,US,"> $100,000",0.157,0.939,29335.0,0.0,Casper - US - 2022
Family Income,Casper,NA,2022,US,"< $50,000",-0.295,1.048,10959.0,-0.45427422461338435,Casper - US - 2022
Family Income,Casper,NA,2022,US,"$75,000 to $99,999",-0.004,0.961,8147.0,-0.16946232451300422,Casper - US - 2022
Family Income,Casper,NA,2022,US,"$50,000 to $74,999",-0.127,0.98,7583.0,-0.2959199610407045,Casper - US - 2022
Family Income,Casper,NA,2024,US,No Response,-0.003,1.012,42755.0,-0.168797364086432,Casper - US - 2024
Family Income,Casper,NA,2024,US,"> $100,000",0.163,0.954,15636.0,0.0,Casper - US - 2024
Family Income,Casper,NA,2024,US,"< $50,000",-0.24,1.018,7740.0,-0.40850702887830337,Casper - US - 2024
Family Income,Casper,NA,2024,US,"$50,000 to $74,999",-0.107,0.966,5290.0,-0.2812445069968648,Casper - US - 2024
Family Income,Casper,NA,2024,US,"$75,000 to $99,999",0.008,0.96,5094.0,-0.16196367650698562,Casper - US - 2024
Race/Ethnicity,MCAT CPBS,NA,2023,US,Indigenous/Native,123.6,2.7,90.0,-1.111111111111111,MCAT CPBS - US - 2023
Race/Ethnicity,MCAT CPBS,NA,2023,US,Asian,127.4,2.8,12600.0,0.2908610186802435,MCAT CPBS - US - 2023
Race/Ethnicity,MCAT CPBS,NA,2023,US,Black,124.0,2.9,4672.0,-0.9279797933227224,MCAT CPBS - US - 2023
Race/Ethnicity,MCAT CPBS,NA,2023,US,Hispanic,124.8,3.0,3177.0,-0.6307059974731631,MCAT CPBS - US - 2023
Race/Ethnicity,MCAT CPBS,NA,2023,US,Native Hawaiian/Other Pacific Islander,125.1,3.1,57.0,-0.5160156871153361,MCAT CPBS - US - 2023
Race/Ethnicity,MCAT CPBS,NA,2023,US,White,126.6,2.7,21131.0,0.0,MCAT CPBS - US - 2023
Race/Ethnicity,MCAT CPBS,NA,2023,US,Another Race/Ethnicity,126.2,3.0,1263.0,-0.1401568883273668,MCAT CPBS - US - 2023
Race/Ethnicity,MCAT CPBS,NA,2023,US,Multiple Races/Ethnicities,125.9,3.0,6009.0,-0.24527455457289316,MCAT CPBS - US - 2023
Race/Ethnicity,MCAT CPBS,NA,2023,US,No Response,126.8,2.8,1692.0,0.07271525467006087,MCAT CPBS - US - 2023
Race/Ethnicity,MCAT CARS,NA,2023,US,Indigenous/Native,123.8,2.9,90.0,-0.9603319116990563,MCAT CARS - US - 2023
Race/Ethnicity,MCAT CARS,NA,2023,US,Asian,126.2,2.7,12600.0,-0.07686624420240988,MCAT CARS - US - 2023
Race/Ethnicity,MCAT CARS,NA,2023,US,Black,123.8,2.7,4672.0,-0.9992611746313175,MCAT CARS - US - 2023
Race/Ethnicity,MCAT CARS,NA,2023,US,Hispanic,124.2,2.8,3177.0,-0.8288619096656191,MCAT CARS - US - 2023
Race/Ethnicity,MCAT CARS,NA,2023,US,Native Hawaiian/Other Pacific Islander,124.7,2.5,57.0,-0.6800000000000012,MCAT CARS - US - 2023
Race/Ethnicity,MCAT CARS,NA,2023,US,White,126.4,2.5,21131.0,0.0,MCAT CARS - US - 2023
Race/Ethnicity,MCAT CARS,NA,2023,US,Another Race/Ethnicity,125.2,2.7,1263.0,-0.4611974652144538,MCAT CARS - US - 2023
Race/Ethnicity,MCAT CARS,NA,2023,US,Multiple Races/Ethnicities,125.6,2.8,6009.0,-0.30140433078750173,MCAT CARS - US - 2023
Race/Ethnicity,MCAT CARS,NA,2023,US,No Response,126.5,2.7,1692.0,0.038433122101202206,MCAT CARS - US - 2023
Race/Ethnicity,MCAT BBLS,NA,2023,US,Indigenous/Native,123.9,2.6,90.0,-1.19230769230769,MCAT BBLS - US - 2023
Race/Ethnicity,MCAT BBLS,NA,2023,US,Asian,127.4,2.7,12600.0,0.15091653558091114,MCAT BBLS - US - 2023
Race/Ethnicity,MCAT BBLS,NA,2023,US,Black,124.3,2.9,4672.0,-0.9803608768776572,MCAT BBLS - US - 2023
Race/Ethnicity,MCAT BBLS,NA,2023,US,Hispanic,125.2,3.0,3177.0,-0.6412234498911857,MCAT BBLS - US - 2023
Race/Ethnicity,MCAT BBLS,NA,2023,US,Native Hawaiian/Other Pacific Islander,125.2,2.9,57.0,-0.6535739179184364,MCAT BBLS - US - 2023
Race/Ethnicity,MCAT BBLS,NA,2023,US,White,127.0,2.6,21131.0,0.0,MCAT BBLS - US - 2023
Race/Ethnicity,MCAT BBLS,NA,2023,US,Another Race/Ethnicity,126.4,3.0,1263.0,-0.21374114996372687,MCAT BBLS - US - 2023
Race/Ethnicity,MCAT BBLS,NA,2023,US,Multiple Races/Ethnicities,126.2,2.9,6009.0,-0.29047729685263785,MCAT BBLS - US - 2023
Race/Ethnicity,MCAT BBLS,NA,2023,US,No Response,127.0,2.7,1692.0,0.0,MCAT BBLS - US - 2023
Race/Ethnicity,MCAT PSBB,NA,2023,US,Indigenous/Native,125.0,2.9,90.0,-1.016670538984235,MCAT PSBB - US - 2023
Race/Ethnicity,MCAT PSBB,NA,2023,US,Asian,128.1,2.6,12600.0,0.11538461538461428,MCAT PSBB - US - 2023
Race/Ethnicity,MCAT PSBB,NA,2023,US,Black,125.4,3.0,4672.0,-0.8549645998549126,MCAT PSBB - US - 2023
Race/Ethnicity,MCAT PSBB,NA,2023,US,Hispanic,125.9,3.2,3177.0,-0.6516946235415306,MCAT PSBB - US - 2023
Race/Ethnicity,MCAT PSBB,NA,2023,US,Native Hawaiian/Other Pacific Islander,126.1,2.8,57.0,-0.6291982286679655,MCAT PSBB - US - 2023
Race/Ethnicity,MCAT PSBB,NA,2023,US,White,127.8,2.6,21131.0,0.0,MCAT PSBB - US - 2023
Race/Ethnicity,MCAT PSBB,NA,2023,US,Another Race/Ethnicity,127.3,2.9,1263.0,-0.1815483105328993,MCAT PSBB - US - 2023
Race/Ethnicity,MCAT PSBB,NA,2023,US,Multiple Races/Ethnicities,127.1,2.9,6009.0,-0.25416763474606,MCAT PSBB - US - 2023
Race/Ethnicity,MCAT PSBB,NA,2023,US,No Response,127.9,2.6,1692.0,0.03846153846154174,MCAT PSBB - US - 2023
Race/Ethnicity,MCAT Total,NA,2023,US,Indigenous/Native,496.3,9.7,90.0,-1.248158025582691,MCAT Total - US - 2023
Race/Ethnicity,MCAT Total,NA,2023,US,Asian,509.1,9.3,12600.0,0.14436426434143465,MCAT Total - US - 2023
Race/Ethnicity,MCAT Total,NA,2023,US,Black,497.5,10.0,4672.0,-1.0989519427760093,MCAT Total - US - 2023
Race/Ethnicity,MCAT Total,NA,2023,US,Hispanic,500.1,10.6,3177.0,-0.7940887697285394,MCAT Total - US - 2023
Race/Ethnicity,MCAT Total,NA,2023,US,Native Hawaiian/Other Pacific Islander,501.1,10.0,57.0,-0.7148522346212857,MCAT Total - US - 2023
Race/Ethnicity,MCAT Total,NA,2023,US,White,507.8,8.7,21131.0,0.0,MCAT Total - US - 2023
Race/Ethnicity,MCAT Total,NA,2023,US,Another Race/Ethnicity,505.1,10.0,1263.0,-0.28807478111603974,MCAT Total - US - 2023
Race/Ethnicity,MCAT Total,NA,2023,US,Multiple Races/Ethnicities,504.9,10.1,6009.0,-0.30765875753194866,MCAT Total - US - 2023
Race/Ethnicity,MCAT Total,NA,2023,US,No Response,508.2,9.1,1692.0,0.044932476504135885,MCAT Total - US - 2023
Race/Ethnicity,AAMC - GPA Science,NA,2023,US,Indigenous/Native,3.21,0.58,90.0,-0.8286707904650416,AAMC - GPA Science - US - 2023
Race/Ethnicity,AAMC - GPA Science,NA,2023,US,Asian,3.62,0.39,12600.0,0.026645358899248333,AAMC - GPA Science - US - 2023
Race/Ethnicity,AAMC - GPA Science,NA,2023,US,Black,3.21,0.5,4672.0,-0.9181462976097771,AAMC - GPA Science - US - 2023
Race/Ethnicity,AAMC - GPA Science,NA,2023,US,Hispanic,3.37,0.46,3177.0,-0.5810610014929902,AAMC - GPA Science - US - 2023
Race/Ethnicity,AAMC - GPA Science,NA,2023,US,Native Hawaiian/Other Pacific Islander,3.27,0.54,57.0,-0.7408831771886949,AAMC - GPA Science - US - 2023
Race/Ethnicity,AAMC - GPA Science,NA,2023,US,White,3.61,0.36,21131.0,0.0,AAMC - GPA Science - US - 2023
Race/Ethnicity,AAMC - GPA Science,NA,2023,US,Another Race/Ethnicity,3.52,0.43,1263.0,-0.22695888143730986,AAMC - GPA Science - US - 2023
Race/Ethnicity,AAMC - GPA Science,NA,2023,US,Multiple Races/Ethnicities,3.48,0.44,6009.0,-0.3233870868182462,AAMC - GPA Science - US - 2023
Race/Ethnicity,AAMC - GPA Science,NA,2023,US,No Response,3.57,0.4,1692.0,-0.10511766624552742,AAMC - GPA Science - US - 2023
Race/Ethnicity,AAMC - GPA Non-Science,NA,2023,US,Indigenous/Native,3.63,0.34,90.0,-0.6116648994275269,AAMC - GPA Non-Science - US - 2023
Race/Ethnicity,AAMC - GPA Non-Science,NA,2023,US,Asian,3.81,0.24,12600.0,0.0,AAMC - GPA Non-Science - US - 2023
Race/Ethnicity,AAMC - GPA Non-Science,NA,2023,US,Black,3.62,0.34,4672.0,-0.6456462827290553,AAMC - GPA Non-Science - US - 2023
Race/Ethnicity,AAMC - GPA Non-Science,NA,2023,US,Hispanic,3.69,0.31,3177.0,-0.43287181602485225,AAMC - GPA Non-Science - US - 2023
Race/Ethnicity,AAMC - GPA Non-Science,NA,2023,US,Native Hawaiian/Other Pacific Islander,3.71,0.27,57.0,-0.391480146343136,AAMC - GPA Non-Science - US - 2023
Race/Ethnicity,AAMC - GPA Non-Science,NA,2023,US,White,3.81,0.24,21131.0,0.0,AAMC - GPA Non-Science - US - 2023
Race/Ethnicity,AAMC - GPA Non-Science,NA,2023,US,Another Race/Ethnicity,3.78,0.27,1263.0,-0.11744404390294166,AAMC - GPA Non-Science - US - 2023
Race/Ethnicity,AAMC - GPA Non-Science,NA,2023,US,Multiple Races/Ethnicities,3.75,0.29,6009.0,-0.22541422702960354,AAMC - GPA Non-Science - US - 2023
Race/Ethnicity,AAMC - GPA Non-Science,NA,2023,US,No Response,3.78,0.27,1692.0,-0.11744404390294166,AAMC - GPA Non-Science - US - 2023
Race/Ethnicity,AAMC - GPA Total,NA,2023,US,Indigenous/Native,3.42,0.43,90.0,-0.7716983996699568,AAMC - GPA Total - US - 2023
Race/Ethnicity,AAMC - GPA Total,NA,2023,US,Asian,3.7,0.31,12600.0,0.0,AAMC - GPA Total - US - 2023
Race/Ethnicity,AAMC - GPA Total,NA,2023,US,Black,3.39,0.4,4672.0,-0.897890891863413,AAMC - GPA Total - US - 2023
Race/Ethnicity,AAMC - GPA Total,NA,2023,US,Hispanic,3.5,0.37,3177.0,-0.6095691487793008,AAMC - GPA Total - US - 2023
Race/Ethnicity,AAMC - GPA Total,NA,2023,US,Native Hawaiian/Other Pacific Islander,3.46,0.39,57.0,-0.7069533791278634,AAMC - GPA Total - US - 2023
Race/Ethnicity,AAMC - GPA Total,NA,2023,US,White,3.7,0.28,21131.0,0.0,AAMC - GPA Total - US - 2023
Race/Ethnicity,AAMC - GPA Total,NA,2023,US,Another Race/Ethnicity,3.63,0.33,1263.0,-0.22874107044676115,AAMC - GPA Total - US - 2023
Race/Ethnicity,AAMC - GPA Total,NA,2023,US,Multiple Races/Ethnicities,3.6,0.35,6009.0,-0.3155186459281332,AAMC - GPA Total - US - 2023
Race/Ethnicity,AAMC - GPA Total,NA,2023,US,No Response,3.66,0.31,1692.0,-0.13541827381310662,AAMC - GPA Total - US - 2023
Race/Ethnicity,MCAT CPBS,NA,2023,Matriculants,Indigenous/Native,124.9,2.4,36.0,-1.3747262174913255,MCAT CPBS - Matriculants - 2023
Race/Ethnicity,MCAT CPBS,NA,2023,Matriculants,Asian,129.0,2.0,5901.0,0.4876598490941707,MCAT CPBS - Matriculants - 2023
Race/Ethnicity,MCAT CPBS,NA,2023,Matriculants,Black,126.0,2.2,1845.0,-0.9299811099505543,MCAT CPBS - Matriculants - 2023
Race/Ethnicity,MCAT CPBS,NA,2023,Matriculants,Hispanic,126.0,2.3,1493.0,-0.9081532183729996,MCAT CPBS - Matriculants - 2023
Race/Ethnicity,MCAT CPBS,NA,2023,Matriculants,Native Hawaiian/Other Pacific Islander,126.8,2.5,19.0,-0.5197776981890532,MCAT CPBS - Matriculants - 2023
Race/Ethnicity,MCAT CPBS,NA,2023,Matriculants,White,128.0,2.1,9534.0,0.0,MCAT CPBS - Matriculants - 2023
Race/Ethnicity,MCAT CPBS,NA,2023,Matriculants,Another Race/Ethnicity,128.1,2.1,483.0,0.04761904761904491,MCAT CPBS - Matriculants - 2023
Race/Ethnicity,MCAT CPBS,NA,2023,Matriculants,Multiple Races/Ethnicities,127.0,2.3,2726.0,-0.4540766091864998,MCAT CPBS - Matriculants - 2023
Race/Ethnicity,MCAT CPBS,NA,2023,Matriculants,No Response,128.3,2.1,657.0,0.14285714285714826,MCAT CPBS - Matriculants - 2023
Race/Ethnicity,MCAT CARS,NA,2023,Matriculants,Indigenous/Native,125.0,2.7,36.0,-0.9745314049285893,MCAT CARS - Matriculants - 2023
Race/Ethnicity,MCAT CARS,NA,2023,Matriculants,Asian,127.3,2.2,5901.0,-0.04545454545454933,MCAT CARS - Matriculants - 2023
Race/Ethnicity,MCAT CARS,NA,2023,Matriculants,Black,125.5,2.3,1845.0,-0.8442360168355842,MCAT CARS - Matriculants - 2023
Race/Ethnicity,MCAT CARS,NA,2023,Matriculants,Hispanic,125.4,2.5,1493.0,-0.8493353896711716,MCAT CARS - Matriculants - 2023
Race/Ethnicity,MCAT CARS,NA,2023,Matriculants,Native Hawaiian/Other Pacific Islander,125.8,2.0,19.0,-0.7610423906471946,MCAT CARS - Matriculants - 2023
Race/Ethnicity,MCAT CARS,NA,2023,Matriculants,White,127.4,2.2,9534.0,0.0,MCAT CARS - Matriculants - 2023
Race/Ethnicity,MCAT CARS,NA,2023,Matriculants,Another Race/Ethnicity,126.5,2.3,483.0,-0.3999012711326465,MCAT CARS - Matriculants - 2023
Race/Ethnicity,MCAT CARS,NA,2023,Matriculants,Multiple Races/Ethnicities,126.8,2.4,2726.0,-0.2606233456578453,MCAT CARS - Matriculants - 2023
Race/Ethnicity,MCAT CARS,NA,2023,Matriculants,No Response,127.7,2.1,657.0,0.13949716649258181,MCAT CARS - Matriculants - 2023
Race/Ethnicity,MCAT BBLS,NA,2023,Matriculants,Indigenous/Native,125.5,1.9,36.0,-1.3841604427977374,MCAT BBLS - Matriculants - 2023
Race/Ethnicity,MCAT BBLS,NA,2023,Matriculants,Asian,128.8,1.9,5901.0,0.3075912095106213,MCAT BBLS - Matriculants - 2023
Race/Ethnicity,MCAT BBLS,NA,2023,Matriculants,Black,126.5,2.1,1845.0,-0.8290217434600847,MCAT BBLS - Matriculants - 2023
Race/Ethnicity,MCAT BBLS,NA,2023,Matriculants,Hispanic,126.9,2.3,1493.0,-0.6031849446916605,MCAT BBLS - Matriculants - 2023
Race/Ethnicity,MCAT BBLS,NA,2023,Matriculants,Native Hawaiian/Other Pacific Islander,126.9,2.2,19.0,-0.6183469424008342,MCAT BBLS - Matriculants - 2023
Race/Ethnicity,MCAT BBLS,NA,2023,Matriculants,White,128.2,2.0,9534.0,0.0,MCAT BBLS - Matriculants - 2023
Race/Ethnicity,MCAT BBLS,NA,2023,Matriculants,Another Race/Ethnicity,128.3,1.9,483.0,0.05126520158511326,MCAT BBLS - Matriculants - 2023
Race/Ethnicity,MCAT BBLS,NA,2023,Matriculants,Multiple Races/Ethnicities,127.8,2.2,2726.0,-0.1902605976617936,MCAT BBLS - Matriculants - 2023
Race/Ethnicity,MCAT BBLS,NA,2023,Matriculants,No Response,128.5,2.0,657.0,0.15000000000000568,MCAT BBLS - Matriculants - 2023
Race/Ethnicity,MCAT PSBB,NA,2023,Matriculants,Indigenous/Native,126.7,1.8,36.0,-1.2427894220040867,MCAT PSBB - Matriculants - 2023
Race/Ethnicity,MCAT PSBB,NA,2023,Matriculants,Asian,129.5,1.8,5901.0,0.2701716134791496,MCAT PSBB - Matriculants - 2023
Race/Ethnicity,MCAT PSBB,NA,2023,Matriculants,Black,127.6,2.1,1845.0,-0.6991266372144941,MCAT PSBB - Matriculants - 2023
Race/Ethnicity,MCAT PSBB,NA,2023,Matriculants,Hispanic,127.6,2.4,1493.0,-0.6468048057775632,MCAT PSBB - Matriculants - 2023
Race/Ethnicity,MCAT PSBB,NA,2023,Matriculants,Native Hawaiian/Other Pacific Islander,127.7,1.7,19.0,-0.7211102550927964,MCAT PSBB - Matriculants - 2023
Race/Ethnicity,MCAT PSBB,NA,2023,Matriculants,White,129.0,1.9,9534.0,0.0,MCAT PSBB - Matriculants - 2023
Race/Ethnicity,MCAT PSBB,NA,2023,Matriculants,Another Race/Ethnicity,129.0,1.9,483.0,0.0,MCAT PSBB - Matriculants - 2023
Race/Ethnicity,MCAT PSBB,NA,2023,Matriculants,Multiple Races/Ethnicities,128.6,2.1,2726.0,-0.19975046777557176,MCAT PSBB - Matriculants - 2023
Race/Ethnicity,MCAT PSBB,NA,2023,Matriculants,No Response,129.1,1.9,657.0,0.052631578947365434,MCAT PSBB - Matriculants - 2023
Race/Ethnicity,MCAT Total,NA,2023,Matriculants,Indigenous/Native,502.2,6.8,36.0,-1.5675620646856276,MCAT Total - Matriculants - 2023
Race/Ethnicity,MCAT Total,NA,2023,Matriculants,Asian,514.3,6.0,5901.0,0.31143356454671656,MCAT Total - Matriculants - 2023
Race/Ethnicity,MCAT Total,NA,2023,Matriculants,Black,505.7,6.6,1845.0,-1.046364204653659,MCAT Total - Matriculants - 2023
Race/Ethnicity,MCAT Total,NA,2023,Matriculants,Hispanic,506.4,7.6,1493.0,-0.8651247010927086,MCAT Total - Matriculants - 2023
Race/Ethnicity,MCAT Total,NA,2023,Matriculants,Native Hawaiian/Other Pacific Islander,507.3,7.1,19.0,-0.7651673986796897,MCAT Total - Matriculants - 2023
Race/Ethnicity,MCAT Total,NA,2023,Matriculants,White,512.4,6.2,9534.0,0.0,MCAT Total - Matriculants - 2023
Race/Ethnicity,MCAT Total,NA,2023,Matriculants,Another Race/Ethnicity,511.9,6.0,483.0,-0.08195620119650533,MCAT Total - Matriculants - 2023
Race/Ethnicity,MCAT Total,NA,2023,Matriculants,Multiple Races/Ethnicities,510.6,6.9,2726.0,-0.27441766561295033,MCAT Total - Matriculants - 2023
Race/Ethnicity,MCAT Total,NA,2023,Matriculants,No Response,513.6,5.9,657.0,0.19828617234529414,MCAT Total - Matriculants - 2023
Race/Ethnicity,AAMC - GPA Science,NA,2023,Matriculants,Indigenous/Native,3.47,0.46,36.0,-0.7494028186010644,AAMC - GPA Science - Matriculants - 2023
Race/Ethnicity,AAMC - GPA Science,NA,2023,Matriculants,Asian,3.78,0.25,5901.0,0.1176244496066727,AAMC - GPA Science - Matriculants - 2023
Race/Ethnicity,AAMC - GPA Science,NA,2023,Matriculants,Black,3.46,0.4,1845.0,-0.8596602917566908,AAMC - GPA Science - Matriculants - 2023
Race/Ethnicity,AAMC - GPA Science,NA,2023,Matriculants,Hispanic,3.57,0.34,1493.0,-0.5947367404095812,AAMC - GPA Science - Matriculants - 2023
Race/Ethnicity,AAMC - GPA Science,NA,2023,Matriculants,Native Hawaiian/Other Pacific Islander,3.56,0.4,19.0,-0.5632257083923145,AAMC - GPA Science - Matriculants - 2023
Race/Ethnicity,AAMC - GPA Science,NA,2023,Matriculants,White,3.75,0.26,9534.0,0.0,AAMC - GPA Science - Matriculants - 2023
Race/Ethnicity,AAMC - GPA Science,NA,2023,Matriculants,Another Race/Ethnicity,3.74,0.26,483.0,-0.03846153846153764,AAMC - GPA Science - Matriculants - 2023
Race/Ethnicity,AAMC - GPA Science,NA,2023,Matriculants,Multiple Races/Ethnicities,3.65,0.32,2726.0,-0.34299717028501797,AAMC - GPA Science - Matriculants - 2023
Race/Ethnicity,AAMC - GPA Science,NA,2023,Matriculants,No Response,3.74,0.26,657.0,-0.03846153846153764,AAMC - GPA Science - Matriculants - 2023
Race/Ethnicity,AAMC - GPA Non-Science,NA,2023,Matriculants,Indigenous/Native,3.79,0.21,36.0,-0.4090479940519313,AAMC - GPA Non-Science - Matriculants - 2023
Race/Ethnicity,AAMC - GPA Non-Science,NA,2023,Matriculants,Asian,3.89,0.16,5901.0,0.11744404390294082,AAMC - GPA Non-Science - Matriculants - 2023
Race/Ethnicity,AAMC - GPA Non-Science,NA,2023,Matriculants,Black,3.74,0.26,1845.0,-0.5813776741499449,AAMC - GPA Non-Science - Matriculants - 2023
Race/Ethnicity,AAMC - GPA Non-Science,NA,2023,Matriculants,Hispanic,3.79,0.24,1493.0,-0.3771236166328257,AAMC - GPA Non-Science - Matriculants - 2023
Race/Ethnicity,AAMC - GPA Non-Science,NA,2023,Matriculants,Native Hawaiian/Other Pacific Islander,3.79,0.22,19.0,-0.398014876083996,AAMC - GPA Non-Science - Matriculants - 2023
Race/Ethnicity,AAMC - GPA Non-Science,NA,2023,Matriculants,White,3.87,0.18,9534.0,0.0,AAMC - GPA Non-Science - Matriculants - 2023
Race/Ethnicity,AAMC - GPA Non-Science,NA,2023,Matriculants,Another Race/Ethnicity,3.88,0.15,483.0,0.0603571640283444,AAMC - GPA Non-Science - Matriculants - 2023
Race/Ethnicity,AAMC - GPA Non-Science,NA,2023,Matriculants,Multiple Races/Ethnicities,3.83,0.22,2726.0,-0.199007438041998,AAMC - GPA Non-Science - Matriculants - 2023
Race/Ethnicity,AAMC - GPA Non-Science,NA,2023,Matriculants,No Response,3.86,0.19,657.0,-0.054034322695831166,AAMC - GPA Non-Science - Matriculants - 2023
Race/Ethnicity,AAMC - GPA Total,NA,2023,Matriculants,Indigenous/Native,3.64,0.28,36.0,-0.6575959492214278,AAMC - GPA Total - Matriculants - 2023
Race/Ethnicity,AAMC - GPA Total,NA,2023,Matriculants,Asian,3.83,0.19,5901.0,0.1537956047553061,AAMC - GPA Total - Matriculants - 2023
Race/Ethnicity,AAMC - GPA Total,NA,2023,Matriculants,Black,3.59,0.31,1845.0,-0.8050173304207412,AAMC - GPA Total - Matriculants - 2023
Race/Ethnicity,AAMC - GPA Total,NA,2023,Matriculants,Hispanic,3.66,0.27,1493.0,-0.589245212355124,AAMC - GPA Total - Matriculants - 2023
Race/Ethnicity,AAMC - GPA Total,NA,2023,Matriculants,Native Hawaiian/Other Pacific Islander,3.65,0.29,19.0,-0.6021717344277748,AAMC - GPA Total - Matriculants - 2023
Race/Ethnicity,AAMC - GPA Total,NA,2023,Matriculants,White,3.8,0.2,9534.0,0.0,AAMC - GPA Total - Matriculants - 2023
Race/Ethnicity,AAMC - GPA Total,NA,2023,Matriculants,Another Race/Ethnicity,3.8,0.2,483.0,0.0,AAMC - GPA Total - Matriculants - 2023
Race/Ethnicity,AAMC - GPA Total,NA,2023,Matriculants,Multiple Races/Ethnicities,3.73,0.26,2726.0,-0.3017914294914581,AAMC - GPA Total - Matriculants - 2023
Race/Ethnicity,AAMC - GPA Total,NA,2023,Matriculants,No Response,3.8,0.21,657.0,0.0,AAMC - GPA Total - Matriculants - 2023
Gender,MCAT CPBS,NA,2023,US,Male,127.2,2.8,22574.0,0.4911524908119384,MCAT CPBS - US - 2023
Gender,MCAT CARS,NA,2023,US,Male,126.0,2.7,22574.0,0.10907288200508873,MCAT CARS - US - 2023
Gender,MCAT BBLS,NA,2023,US,Male,127.3,2.7,22574.0,0.4282983661489508,MCAT BBLS - US - 2023
Gender,MCAT PSBB,NA,2023,US,Male,127.7,2.7,22574.0,0.17519611040921224,MCAT PSBB - US - 2023
Gender,MCAT Total,NA,2023,US,Male,508.3,9.3,22574.0,0.3585926291764512,MCAT Total - US - 2023
Gender,AAMC - GPA Science,NA,2023,US,Male,3.58,0.4,22574.0,0.16856462574650438,AAMC - GPA Science - US - 2023
Gender,AAMC - GPA Non-Science,NA,2023,US,Male,3.75,0.29,22574.0,-0.14523864842631956,AAMC - GPA Non-Science - US - 2023
Gender,AAMC - GPA Total,NA,2023,US,Male,3.65,0.33,22574.0,0.030303030303029655,AAMC - GPA Total - US - 2023
Gender,MCAT CPBS,NA,2023,US,Female,125.8,2.9,29763.0,0.0,MCAT CPBS - US - 2023
Gender,MCAT CARS,NA,2023,US,Female,125.7,2.8,29763.0,0.0,MCAT CARS - US - 2023
Gender,MCAT BBLS,NA,2023,US,Female,126.1,2.9,29763.0,0.0,MCAT BBLS - US - 2023
Gender,MCAT PSBB,NA,2023,US,Female,127.2,3.0,29763.0,0.0,MCAT PSBB - US - 2023
Gender,MCAT Total,NA,2023,US,Female,504.8,10.2,29763.0,0.0,MCAT Total - US - 2023
Gender,AAMC - GPA Science,NA,2023,US,Female,3.51,0.43,29763.0,0.0,AAMC - GPA Science - US - 2023
Gender,AAMC - GPA Non-Science,NA,2023,US,Female,3.79,0.26,29763.0,0.0,AAMC - GPA Non-Science - US - 2023
Gender,AAMC - GPA Total,NA,2023,US,Female,3.64,0.33,29763.0,0.0,AAMC - GPA Total - US - 2023
Gender,MCAT CPBS,NA,2023,Matriculants,Male,128.4,2.2,10160.0,0.45454545454545453,MCAT CPBS - Matriculants - 2023
Gender,MCAT CARS,NA,2023,Matriculants,Male,127.0,2.4,10160.0,0.0,MCAT CARS - Matriculants - 2023
Gender,MCAT BBLS,NA,2023,Matriculants,Male,128.5,2.1,10160.0,0.3809523809523796,MCAT BBLS - Matriculants - 2023
Gender,MCAT PSBB,NA,2023,Matriculants,Male,128.9,2.0,10160.0,0.0487659849094143,MCAT PSBB - Matriculants - 2023
Gender,MCAT Total,NA,2023,Matriculants,Male,512.7,6.8,10160.0,0.2647058823529512,MCAT Total - Matriculants - 2023
Gender,AAMC - GPA Science,NA,2023,Matriculants,Male,3.72,0.29,10160.0,0.06778687417315081,AAMC - GPA Science - Matriculants - 2023
Gender,AAMC - GPA Non-Science,NA,2023,Matriculants,Male,3.83,0.22,10160.0,-0.2034629055765849,AAMC - GPA Non-Science - Matriculants - 2023
Gender,AAMC - GPA Total,NA,2023,Matriculants,Male,3.77,0.24,10160.0,-0.04254356298115079,AAMC - GPA Total - Matriculants - 2023
Gender,MCAT CPBS,NA,2023,Matriculants,Female,127.4,2.2,12724.0,0.0,MCAT CPBS - Matriculants - 2023
Gender,MCAT CARS,NA,2023,Matriculants,Female,127.0,2.4,12724.0,0.0,MCAT CARS - Matriculants - 2023
Gender,MCAT BBLS,NA,2023,Matriculants,Female,127.7,2.1,12724.0,0.0,MCAT BBLS - Matriculants - 2023
Gender,MCAT PSBB,NA,2023,Matriculants,Female,128.8,2.1,12724.0,0.0,MCAT PSBB - Matriculants - 2023
Gender,MCAT Total,NA,2023,Matriculants,Female,510.9,6.8,12724.0,0.0,MCAT Total - Matriculants - 2023
Gender,AAMC - GPA Science,NA,2023,Matriculants,Female,3.7,0.3,12724.0,0.0,AAMC - GPA Science - Matriculants - 2023
Gender,AAMC - GPA Non-Science,NA,2023,Matriculants,Female,3.87,0.17,12724.0,0.0,AAMC - GPA Non-Science - Matriculants - 2023
Gender,AAMC - GPA Total,NA,2023,Matriculants,Female,3.78,0.23,12724.0,0.0,AAMC - GPA Total - Matriculants - 2023
